subject,body,sender,label
client escalation: contract at risk,"board meeting moved to tonight, join now.  Best",manager@corp.com,Low
client escalation: contract at risk,"Hello team, Interview scheduled tomorrow, confirm now. weekly newsletter: top 10 tech stories Cheers",colleague@corp.com,Medium
exam rescheduled to tomorrow morning,"Dear all, client escalation: contract at risk, call me immediately.  Cheers",boss@corp.com,High
feedback requested on the draft proposal,"Dear all, Please review the meeting notes by friday!.  Best",colleague@corp.com,High
board meeting moved to tonight,"Dear all, exam rescheduled to tomorrow morning, please confirm.  Thanks",offers@deals.com,Low
please approve my leave request when free,"Hey, New task assigned to you in the tracker.  Cheers",hr.dept@corp.com,Medium
thanks for subscribing to our updates,"Dear all, Action required: claim your free coupon now. feedback requested on the draft proposal Best",no-reply@social.com,Low
webinar invitation: join our upcoming event,"Hey, YOUR MONTHLY STATEMENT IS AVAILABLE.  Cheers",hr.dept@corp.com,Low
feedback requested on the draft proposal,"Hey, PLEASE REVIEW THE MEETING NOTES BY FRIDAY. 50% off sale this weekend only",bank.alerts@bank.com,Medium
exam rescheduled to tomorrow morning,"Hello team, exam rescheduled to tomorrow morning, please confirm. weekly newsletter: top 10 tech stories Thanks",bank.alerts@bank.com,High
can you share the project update this week,"Hi, can you share the project update this week. board meeting moved to tonight, join now Cheers",team@corp.com,Medium
feedback requested on the draft proposal,"Dear all, feedback requested on the draft proposal. can you share the project update this week",hr.dept@corp.com,Medium
reminder: team sync on Thursday,Reminder: team sync on thursday.  Best,promo@shop.com,Medium
interview scheduled tomorrow,"Hi, production server is down, need a fix ASAP.  Thank you",boss@corp.com,High
assignment guidelines updated,"Hello team, please review the meeting notes by Friday.  Regards",prof@university.edu,Medium
your monthly statement is available,"Hey, weekly newsletter: top 10 tech stories.  Best",boss@corp.com,Low
security breach detected,"Dear all, CLIENT ESCALATION: CONTRACT AT RISK, CALL ME IMMEDIATELY.  Regards",team@corp.com,Low
interview scheduled tomorrow,"Hello team, exam rescheduled to tomorrow morning, please confirm.",colleague@corp.com,Low
please review the meeting notes by Friday,"Hi, please approve my leave request when free. you may like these recommended products Thanks",team@corp.com,Medium
following up on the earlier question about the bud,"Hey, sharing the agenda for next week's workshop.  Cheers",offers@deals.com,Medium
someone started following you,"Hi, WEEKLY NEWSLETTER: TOP 10 TECH STORIES.",no-reply@social.com,Low
client escalation: contract at risk,"Hey, Overdue invoice, final notice before suspension.  Best",no-reply@social.com,High
overdue invoice,"Hello team, quick note, when you get a moment, this is time sensitive. thanks for subscribing to our updates Thank you",hr.dept@corp.com,High
please approve my leave request when free,Can you share the project update this week.  Thanks,prof@university.edu,Medium
can you share the project update this week,feedback requested on the draft proposal.,hr.dept@corp.com,High
photos from the office party,50% off sale this weekend only.  Regards,prof@university.edu,Low
board meeting moved to tonight,"Good morning, board meeting moved to tonight, join now.  Thank you",hr.dept@corp.com,High
board meeting moved to tonight,"Hello team, QUICK NOTE, WHEN YOU GET A MOMENT, THIS IS TIME SENSITIVE.  Cheers",ceo.office@corp.com,High
cafeteria lunch menu for next week,"Hello team, you may like these recommended products.  Thanks",client.rep@acme.com,Low
you may like these recommended products,"Hello team, your monthly statement is available. photos from the office party",team@corp.com,Low
production server is down,"Good morning, critical bug reported by customer, needs a patch urgently. new task assigned to you in the tracker Thank you",hr.dept@corp.com,High
can you share the project update this week,"Hi, assignment guidelines updated, take a look. critical bug reported by customer, needs a patch urgently Regards",colleague@corp.com,Medium
webinar invitation: join our upcoming event,"Hey, SOMEONE STARTED FOLLOWING YOU. sharing the agenda for next week's workshop Cheers",team@corp.com,Low
interview scheduled tomorrow,"Good morning, deadline is today, submit the report by 5 PM.  Regards",bank.alerts@bank.com,High
can you share the project update this week,"Good morning, Assignment guidelines updated, take a look.  Best",client.rep@acme.com,High
reminder: team sync on Thursday,"Hi, Feedback requested on the draft proposal!.  Thanks",hr.dept@corp.com,Medium
you may like these recommended products,"Hey, you may like these recommended products. client escalation: contract at risk, call me immediately",bank.alerts@bank.com,High
your monthly statement is available,"Dear all, weekly newsletter: top 10 tech stories.  Regards",prof@university.edu,Low
webinar invitation: join our upcoming event,"Hey, Action required: claim your free coupon now.",promo@shop.com,Low
cafeteria lunch menu for next week,"Hello team, Action required: claim your free coupon now!.  Best",news@media.com,Low
client escalation: contract at risk,"Hey, board meeting moved to tonight, join now.  Thank you",ceo.office@corp.com,High
overdue invoice,"OVERDUE INVOICE, FINAL NOTICE BEFORE SUSPENSION. unsubscribe or manage your email preferences Best",boss@corp.com,High
could you check the attached spreadsheet,can you share the project update this week.  Thanks,team@corp.com,Medium
someone started following you,"Hey, someone started following you.  Regards",no-reply@social.com,Low
feedback requested on the draft proposal,"Hello team, PLEASE APPROVE MY LEAVE REQUEST WHEN FREE. overdue invoice, final notice before suspension Cheers",bank.alerts@bank.com,Medium
exam rescheduled to tomorrow morning,small thing but it needs sorting out before the deadline.  Best,ceo.office@corp.com,High
production server is down,"client escalation: contract at risk, call me immediately.  Thank you",boss@corp.com,High
photos from the office party,"Dear all, Cafeteria lunch menu for next week.",offers@deals.com,Low
sharing the agenda for next week's workshop,"Hello team, sharing the agenda for next week's workshop. someone started following you Thank you",prof@university.edu,Medium
sharing the agenda for next week's workshop,"Dear all, Could you check the attached spreadsheet.  Thanks",offers@deals.com,Medium
please approve my leave request when free,"Hi, following up on the earlier question about the budget.  Thanks",hr.dept@corp.com,Medium
unsubscribe or manage your email preferences,"Good morning, Action required: claim your free coupon now.  Thank you",no-reply@social.com,Low
interview scheduled tomorrow,"Hi, payment failed, action required today.  Cheers",client.rep@acme.com,High
security breach detected,"Hey, board meeting moved to tonight, join now. unsubscribe or manage your email preferences Best",hr.dept@corp.com,High
production server is down,"Hey, Client escalation: contract at risk, call me immediately.  Thanks",team@corp.com,Low
can you share the project update this week,"Hi, can you share the project update this week.  Regards",colleague@corp.com,Low
interview scheduled tomorrow,"Dear all, critical bug reported by customer, needs a patch urgently.  Cheers",news@media.com,High
your monthly statement is available,"Dear all, Thanks for subscribing to our updates.  Cheers",client.rep@acme.com,Low
exam rescheduled to tomorrow morning,"Production server is down, need a fix asap.  Regards",ceo.office@corp.com,High
photos from the office party,"Hey, Cafeteria lunch menu for next week!.  Regards",promo@shop.com,Low
could you check the attached spreadsheet,"Hey, sharing the agenda for next week's workshop.  Thank you",manager@corp.com,Medium
please approve my leave request when free,Can you share the project update this week.  Cheers,hr.dept@corp.com,Medium
weekly newsletter: top 10 tech stories,"Hey, ACTION REQUIRED: CLAIM YOUR FREE COUPON NOW. new task assigned to you in the tracker Best",offers@deals.com,Low
board meeting moved to tonight,"EXAM RESCHEDULED TO TOMORROW MORNING, PLEASE CONFIRM.  Regards",manager@corp.com,High
could you check the attached spreadsheet,"Dear all, feedback requested on the draft proposal. 50% off sale this weekend only",hr.dept@corp.com,Medium
you may like these recommended products,"Good morning, URGENT!!! limited-time offer, act now.  Regards",promo@shop.com,Low
unsubscribe or manage your email preferences,"Good morning, weekly newsletter: top 10 tech stories.  Thank you",team@corp.com,Low
unsubscribe or manage your email preferences,"Hi, your monthly statement is available. new task assigned to you in the tracker Thanks",no-reply@social.com,Low
your monthly statement is available,"Hi, photos from the office party.  Thank you",colleague@corp.com,Low
reminder: team sync on Thursday,"Hi, new task assigned to you in the tracker.  Thanks",news@media.com,Medium
exam rescheduled to tomorrow morning,"production server is down, need a fix ASAP. thanks for subscribing to our updates Best",boss@corp.com,High
client escalation: contract at risk,"Hi, small thing but it needs sorting out before the deadline.",bank.alerts@bank.com,High
following up on the earlier question about the bud,"Good morning, Please approve my leave request when free.  Best",news@media.com,Low
your monthly statement is available,"Hi, Webinar invitation: join our upcoming event. cafeteria lunch menu for next week Regards",offers@deals.com,Low
weekly newsletter: top 10 tech stories,"Hi, Webinar invitation: join our upcoming event!.  Cheers",news@media.com,Low
unsubscribe or manage your email preferences,"Hey, someone started following you.  Thank you",no-reply@social.com,Low
deadline is today,"Hi, production server is down, need a fix ASAP.",ceo.office@corp.com,High
please approve my leave request when free,"Hey, please approve my leave request when free. exam rescheduled to tomorrow morning, please confirm Thanks",team@corp.com,Medium
please approve my leave request when free,"Hello team, sharing the agenda for next week's workshop.  Regards",team@corp.com,Medium
cafeteria lunch menu for next week,Action required: claim your free coupon now.  Thank you,team@corp.com,Low
new task assigned to you in the tracker,"Dear all, Feedback requested on the draft proposal.  Thank you",no-reply@social.com,Low
client escalation: contract at risk,"Hello team, board meeting moved to tonight, join now.  Thank you",colleague@corp.com,Low
overdue invoice,"security breach detected, respond immediately.  Thanks",ceo.office@corp.com,High
security breach detected,"Hey, quick note, when you get a moment, this is time sensitive.  Regards",boss@corp.com,High
overdue invoice,"Hello team, deadline is today, submit the report by 5 PM.  Thank you",news@media.com,High
interview scheduled tomorrow,"Hello team, exam rescheduled to tomorrow morning, please confirm.  Cheers",boss@corp.com,High
deadline is today,"Good morning, SECURITY BREACH DETECTED, RESPOND IMMEDIATELY. feedback requested on the draft proposal",colleague@corp.com,High
can you share the project update this week,could you check the attached spreadsheet.  Thank you,colleague@corp.com,Medium
your monthly statement is available,"Hello team, Photos from the office party.  Thank you",no-reply@social.com,Low
webinar invitation: join our upcoming event,"Hello team, webinar invitation: join our upcoming event.  Best",promo@shop.com,Low
security breach detected,"Good morning, board meeting moved to tonight, join now.  Regards",no-reply@social.com,Low
could you check the attached spreadsheet,"Hey, can you share the project update this week. can you share the project update this week Regards",news@media.com,High
someone started following you,PHOTOS FROM THE OFFICE PARTY.  Best,colleague@corp.com,High
could you check the attached spreadsheet,"Hi, please approve my leave request when free.  Regards",hr.dept@corp.com,Medium
client escalation: contract at risk,"Hello team, overdue invoice, final notice before suspension. payment failed, action required today Best",prof@university.edu,High
exam rescheduled to tomorrow morning,"Hello team, exam rescheduled to tomorrow morning, please confirm.  Best",bank.alerts@bank.com,High
deadline is today,"Hey, Payment failed, action required today.  Regards",bank.alerts@bank.com,High
unsubscribe or manage your email preferences,"Hi, weekly newsletter: top 10 tech stories.",promo@shop.com,Low
someone started following you,"Good morning, 50% off sale this weekend only!.",offers@deals.com,Low
your monthly statement is available,"Good morning, thanks for subscribing to our updates. thanks for subscribing to our updates Best",manager@corp.com,Medium
50% off sale this weekend only,"Good morning, cafeteria lunch menu for next week.  Cheers",hr.dept@corp.com,High
following up on the earlier question about the bud,sharing the agenda for next week's workshop.  Regards,prof@university.edu,Medium
you may like these recommended products,"Dear all, someone started following you.  Regards",promo@shop.com,Low
production server is down,"board meeting moved to tonight, join now. could you check the attached spreadsheet",hr.dept@corp.com,High
payment failed,"Hello team, production server is down, need a fix ASAP.",colleague@corp.com,High
you may like these recommended products,"Hello team, your monthly statement is available.  Regards",team@corp.com,Low
please approve my leave request when free,"Hi, Following up on the earlier question about the budget.  Regards",colleague@corp.com,High
webinar invitation: join our upcoming event,"Hello team, thanks for subscribing to our updates.  Thank you",offers@deals.com,Low
payment failed,"Good morning, critical bug reported by customer, needs a patch urgently.  Best",manager@corp.com,High
unsubscribe or manage your email preferences,"Hey, your monthly statement is available.  Cheers",offers@deals.com,Low
weekly newsletter: top 10 tech stories,You may like these recommended products!.  Cheers,news@media.com,Low
exam rescheduled to tomorrow morning,"Dear all, Exam rescheduled to tomorrow morning, please confirm. interview scheduled tomorrow, confirm now Thanks",colleague@corp.com,High
sharing the agenda for next week's workshop,"Hi, new task assigned to you in the tracker.  Thanks",colleague@corp.com,Medium
can you share the project update this week,"Hey, Sharing the agenda for next week's workshop!.  Cheers",hr.dept@corp.com,Medium
assignment guidelines updated,"Hi, please review the meeting notes by Friday.  Thanks",prof@university.edu,Medium
feedback requested on the draft proposal,"Good morning, please review the meeting notes by Friday.  Cheers",colleague@corp.com,High
interview scheduled tomorrow,"Hey, client escalation: contract at risk, call me immediately.  Regards",colleague@corp.com,High
reminder: team sync on Thursday,"assignment guidelines updated, take a look.",colleague@corp.com,Medium
reminder: team sync on Thursday,"please review the meeting notes by Friday. assignment guidelines updated, take a look",bank.alerts@bank.com,Medium
please approve my leave request when free,"Hi, FOLLOWING UP ON THE EARLIER QUESTION ABOUT THE BUDGET. someone started following you Thanks",hr.dept@corp.com,Medium
cafeteria lunch menu for next week,your monthly statement is available.  Best,no-reply@social.com,Low
production server is down,"Good morning, exam rescheduled to tomorrow morning, please confirm. sharing the agenda for next week's workshop",colleague@corp.com,High
50% off sale this weekend only,50% off sale this weekend only!. reminder: team sync on Thursday Thank you,team@corp.com,Low
webinar invitation: join our upcoming event,"Hey, YOUR MONTHLY STATEMENT IS AVAILABLE. feedback requested on the draft proposal Thank you",offers@deals.com,Low
weekly newsletter: top 10 tech stories,"Dear all, cafeteria lunch menu for next week.  Thanks",news@media.com,Low
following up on the earlier question about the bud,"Good morning, Reminder: team sync on thursday!.  Cheers",colleague@corp.com,High
could you check the attached spreadsheet,"Dear all, please review the meeting notes by Friday.  Thanks",manager@corp.com,Medium
please approve my leave request when free,"Hey, reminder: team sync on Thursday.",team@corp.com,Medium
someone started following you,"Dear all, Last chance! sale ends today!.  Thanks",team@corp.com,Low
webinar invitation: join our upcoming event,"Dear all, weekly newsletter: top 10 tech stories.",manager@corp.com,Medium
exam rescheduled to tomorrow morning,"Good morning, quick note, when you get a moment, this is time sensitive.  Thanks",ceo.office@corp.com,High
please review the meeting notes by Friday,"Good morning, following up on the earlier question about the budget. could you check the attached spreadsheet",manager@corp.com,Medium
new task assigned to you in the tracker,"Dear all, Feedback requested on the draft proposal. production server is down, need a fix ASAP Regards",manager@corp.com,Medium
cafeteria lunch menu for next week,"Dear all, YOU MAY LIKE THESE RECOMMENDED PRODUCTS.  Regards",news@media.com,Low
board meeting moved to tonight,"Hey, Interview scheduled tomorrow, confirm now. new task assigned to you in the tracker Regards",colleague@corp.com,High
security breach detected,"Interview scheduled tomorrow, confirm now!.  Thank you",manager@corp.com,High
unsubscribe or manage your email preferences,"Hello team, YOU MAY LIKE THESE RECOMMENDED PRODUCTS. exam rescheduled to tomorrow morning, please confirm",offers@deals.com,Low
please approve my leave request when free,"Hello team, CAN YOU SHARE THE PROJECT UPDATE THIS WEEK.  Thank you",hr.dept@corp.com,Medium
unsubscribe or manage your email preferences,"Dear all, THANKS FOR SUBSCRIBING TO OUR UPDATES.  Thank you",ceo.office@corp.com,High
please approve my leave request when free,FOLLOWING UP ON THE EARLIER QUESTION ABOUT THE BUDGET.  Best,team@corp.com,Medium
please review the meeting notes by Friday,"Hello team, new task assigned to you in the tracker.  Cheers",hr.dept@corp.com,Medium
sharing the agenda for next week's workshop,"Hello team, Can you share the project update this week. someone started following you",colleague@corp.com,Medium
board meeting moved to tonight,"Good morning, interview scheduled tomorrow, confirm now. critical bug reported by customer, needs a patch urgently Regards",colleague@corp.com,High
payment failed,"Good morning, Client escalation: contract at risk, call me immediately.  Cheers",hr.dept@corp.com,High
please review the meeting notes by Friday,"Hello team, following up on the earlier question about the budget.  Cheers",manager@corp.com,Medium
client escalation: contract at risk,"Hello team, Interview scheduled tomorrow, confirm now!.  Best",no-reply@social.com,Low
board meeting moved to tonight,"Hey, critical bug reported by customer, needs a patch urgently.  Thanks",client.rep@acme.com,High
security breach detected,"security breach detected, respond immediately.  Cheers",hr.dept@corp.com,High
could you check the attached spreadsheet,"Good morning, Following up on the earlier question about the budget.",colleague@corp.com,Medium
sharing the agenda for next week's workshop,"Good morning, please approve my leave request when free.  Best",colleague@corp.com,Medium
weekly newsletter: top 10 tech stories,"Hey, webinar invitation: join our upcoming event.",news@media.com,Low
new task assigned to you in the tracker,"Hey, can you share the project update this week.  Regards",prof@university.edu,Medium
cafeteria lunch menu for next week,"Hi, URGENT!!! limited-time offer, act now.  Cheers",promo@shop.com,Low
deadline is today,"Client escalation: contract at risk, call me immediately!.  Thank you",hr.dept@corp.com,High
interview scheduled tomorrow,"Hey, small thing but it needs sorting out before the deadline.  Thank you",bank.alerts@bank.com,High
security breach detected,"Exam rescheduled to tomorrow morning, please confirm.  Regards",client.rep@acme.com,Medium
can you share the project update this week,"Hey, feedback requested on the draft proposal.  Cheers",prof@university.edu,Medium
please approve my leave request when free,"Dear all, new task assigned to you in the tracker. assignment guidelines updated, take a look Cheers",client.rep@acme.com,Medium
overdue invoice,"Hello team, board meeting moved to tonight, join now.",prof@university.edu,High
client escalation: contract at risk,"Hi, security breach detected, respond immediately. could you check the attached spreadsheet",bank.alerts@bank.com,High
production server is down,"Hey, overdue invoice, final notice before suspension.  Thanks",hr.dept@corp.com,High
client escalation: contract at risk,"security breach detected, respond immediately.  Cheers",client.rep@acme.com,High
unsubscribe or manage your email preferences,"Good morning, you may like these recommended products.  Regards",manager@corp.com,Low
can you share the project update this week,"Hey, could you check the attached spreadsheet.  Best",team@corp.com,Medium
overdue invoice,"Hello team, exam rescheduled to tomorrow morning, please confirm.  Thank you",boss@corp.com,High
reminder: team sync on Thursday,Feedback requested on the draft proposal. reminder: team sync on Thursday Cheers,prof@university.edu,Medium
webinar invitation: join our upcoming event,"weekly newsletter: top 10 tech stories. payment failed, action required today Thanks",news@media.com,Low
could you check the attached spreadsheet,"Hey, Please review the meeting notes by friday.",hr.dept@corp.com,Medium
can you share the project update this week,"Hello team, new task assigned to you in the tracker.",manager@corp.com,Medium
assignment guidelines updated,"Dear all, following up on the earlier question about the budget.  Best",prof@university.edu,Medium
thanks for subscribing to our updates,"Hi, you may like these recommended products.  Thank you",team@corp.com,Low
you may like these recommended products,thanks for subscribing to our updates.  Cheers,offers@deals.com,Low
reminder: team sync on Thursday,"Hi, please review the meeting notes by Friday. exam rescheduled to tomorrow morning, please confirm Thanks",manager@corp.com,Medium
assignment guidelines updated,"Good morning, could you check the attached spreadsheet.  Thank you",team@corp.com,Medium
critical bug reported by customer,"Hey, critical bug reported by customer, needs a patch urgently.",bank.alerts@bank.com,High
weekly newsletter: top 10 tech stories,you may like these recommended products.  Regards,hr.dept@corp.com,Medium
deadline is today,"Dear all, critical bug reported by customer, needs a patch urgently.  Cheers",boss@corp.com,High
photos from the office party,"Hey, thanks for subscribing to our updates.  Best",promo@shop.com,Low
deadline is today,"Dear all, CLIENT ESCALATION: CONTRACT AT RISK, CALL ME IMMEDIATELY.",hr.dept@corp.com,High
weekly newsletter: top 10 tech stories,"Hello team, ACTION REQUIRED: CLAIM YOUR FREE COUPON NOW.  Cheers",no-reply@social.com,Low
you may like these recommended products,Last chance! sale ends today.  Cheers,manager@corp.com,Low
please review the meeting notes by Friday,new task assigned to you in the tracker.  Best,prof@university.edu,Medium
thanks for subscribing to our updates,"Hello team, PHOTOS FROM THE OFFICE PARTY.",promo@shop.com,Low
reminder: team sync on Thursday,"Hi, CAN YOU SHARE THE PROJECT UPDATE THIS WEEK. could you check the attached spreadsheet Regards",prof@university.edu,Medium
assignment guidelines updated,"Hey, Can you share the project update this week.  Cheers",bank.alerts@bank.com,High
payment failed,"Hey, Interview scheduled tomorrow, confirm now.  Regards",ceo.office@corp.com,High
feedback requested on the draft proposal,"Good morning, could you check the attached spreadsheet.  Best",team@corp.com,Medium
payment failed,"Hello team, payment failed, action required today. 50% off sale this weekend only Thank you",boss@corp.com,High
please approve my leave request when free,"Dear all, sharing the agenda for next week's workshop.  Best",offers@deals.com,Low
can you share the project update this week,"Good morning, Please approve my leave request when free.  Regards",colleague@corp.com,Medium
reminder: team sync on Thursday,feedback requested on the draft proposal.,offers@deals.com,Medium
security breach detected,"Good morning, Exam rescheduled to tomorrow morning, please confirm.",team@corp.com,Low
assignment guidelines updated,"Hi, SHARING THE AGENDA FOR NEXT WEEK'S WORKSHOP.",team@corp.com,Medium
feedback requested on the draft proposal,"Hi, following up on the earlier question about the budget. security breach detected, respond immediately Cheers",ceo.office@corp.com,High
reminder: team sync on Thursday,"Hello team, New task assigned to you in the tracker.  Regards",manager@corp.com,Medium
payment failed,"Hi, deadline is today, submit the report by 5 PM.  Thanks",team@corp.com,High
security breach detected,"Hey, small thing but it needs sorting out before the deadline.  Best",colleague@corp.com,High
please approve my leave request when free,"Hi, new task assigned to you in the tracker.  Regards",team@corp.com,Medium
deadline is today,"Hi, Client escalation: contract at risk, call me immediately.  Thank you",client.rep@acme.com,High
reminder: team sync on Thursday,"Hey, new task assigned to you in the tracker.",colleague@corp.com,Medium
cafeteria lunch menu for next week,"Hey, Action required: claim your free coupon now. sharing the agenda for next week's workshop Cheers",no-reply@social.com,Low
overdue invoice,"Hey, small thing but it needs sorting out before the deadline. client escalation: contract at risk, call me immediately Thanks",team@corp.com,High
reminder: team sync on Thursday,"Good morning, Assignment guidelines updated, take a look!.  Thanks",prof@university.edu,Medium
board meeting moved to tonight,"Dear all, critical bug reported by customer, needs a patch urgently.  Best",colleague@corp.com,High
assignment guidelines updated,"ASSIGNMENT GUIDELINES UPDATED, TAKE A LOOK.",hr.dept@corp.com,Medium
assignment guidelines updated,"Hey, ASSIGNMENT GUIDELINES UPDATED, TAKE A LOOK.  Best",hr.dept@corp.com,Medium
can you share the project update this week,"Dear all, Please review the meeting notes by friday. feedback requested on the draft proposal Thank you",prof@university.edu,Medium
assignment guidelines updated,"Dear all, can you share the project update this week.  Cheers",hr.dept@corp.com,Medium
webinar invitation: join our upcoming event,cafeteria lunch menu for next week.  Regards,no-reply@social.com,Low
unsubscribe or manage your email preferences,"Hi, UNSUBSCRIBE OR MANAGE YOUR EMAIL PREFERENCES. feedback requested on the draft proposal",team@corp.com,Low
50% off sale this weekend only,"Hi, Weekly newsletter: top 10 tech stories. thanks for subscribing to our updates",offers@deals.com,Low
following up on the earlier question about the bud,"Hello team, reminder: team sync on Thursday.",hr.dept@corp.com,Medium
50% off sale this weekend only,weekly newsletter: top 10 tech stories.,team@corp.com,Low
assignment guidelines updated,"Dear all, following up on the earlier question about the budget. you may like these recommended products Thank you",colleague@corp.com,Medium
your monthly statement is available,Cafeteria lunch menu for next week.,no-reply@social.com,Low
you may like these recommended products,"Hey, photos from the office party. feedback requested on the draft proposal Thanks",hr.dept@corp.com,Low
reminder: team sync on Thursday,can you share the project update this week.  Best,team@corp.com,Medium
can you share the project update this week,"Good morning, Please review the meeting notes by friday.  Cheers",hr.dept@corp.com,Low
deadline is today,"Hey, board meeting moved to tonight, join now.  Thanks",no-reply@social.com,Low
new task assigned to you in the tracker,"Dear all, following up on the earlier question about the budget. payment failed, action required today Thank you",prof@university.edu,Medium
assignment guidelines updated,"Hello team, please review the meeting notes by Friday. can you share the project update this week Thanks",manager@corp.com,Medium
50% off sale this weekend only,"Hi, 50% off sale this weekend only. security breach detected, respond immediately Best",no-reply@social.com,Low
reminder: team sync on Thursday,"Good morning, following up on the earlier question about the budget.  Thanks",prof@university.edu,Medium
you may like these recommended products,"Hi, cafeteria lunch menu for next week.  Best",news@media.com,Low
weekly newsletter: top 10 tech stories,"Hi, YOU MAY LIKE THESE RECOMMENDED PRODUCTS.  Best",boss@corp.com,Low
security breach detected,"Hello team, security breach detected, respond immediately. thanks for subscribing to our updates Thanks",bank.alerts@bank.com,High
board meeting moved to tonight,"Hi, board meeting moved to tonight, join now.  Cheers",colleague@corp.com,High
sharing the agenda for next week's workshop,"Hey, sharing the agenda for next week's workshop.  Thanks",prof@university.edu,Medium
could you check the attached spreadsheet,"Hi, Feedback requested on the draft proposal. client escalation: contract at risk, call me immediately Regards",hr.dept@corp.com,Medium
thanks for subscribing to our updates,"Good morning, You may like these recommended products.  Regards",offers@deals.com,Low
board meeting moved to tonight,"Hello team, Board meeting moved to tonight, join now.  Thanks",colleague@corp.com,Medium
cafeteria lunch menu for next week,"Dear all, 50% off sale this weekend only.  Best",promo@shop.com,Low
assignment guidelines updated,"Please review the meeting notes by friday. critical bug reported by customer, needs a patch urgently Regards",hr.dept@corp.com,Medium
please review the meeting notes by Friday,"Hey, Please review the meeting notes by friday.  Thank you",news@media.com,Medium
thanks for subscribing to our updates,"Hello team, ACTION REQUIRED: CLAIM YOUR FREE COUPON NOW.  Thanks",promo@shop.com,Low
cafeteria lunch menu for next week,"Good morning, UNSUBSCRIBE OR MANAGE YOUR EMAIL PREFERENCES.  Best",manager@corp.com,Low
your monthly statement is available,THANKS FOR SUBSCRIBING TO OUR UPDATES. could you check the attached spreadsheet Thank you,news@media.com,Low
exam rescheduled to tomorrow morning,"Hey, deadline is today, submit the report by 5 PM.",hr.dept@corp.com,High
feedback requested on the draft proposal,"Good morning, Reminder: team sync on thursday!.  Thank you",prof@university.edu,Medium
interview scheduled tomorrow,"client escalation: contract at risk, call me immediately.  Cheers",team@corp.com,Low
production server is down,"Hello team, overdue invoice, final notice before suspension.  Cheers",client.rep@acme.com,High
weekly newsletter: top 10 tech stories,"Good morning, your monthly statement is available.  Cheers",news@media.com,Low
production server is down,"Good morning, client escalation: contract at risk, call me immediately.  Thanks",bank.alerts@bank.com,High
assignment guidelines updated,"Last chance! sale ends today. overdue invoice, final notice before suspension Thanks",team@corp.com,Low
cafeteria lunch menu for next week,"Good morning, Last chance! sale ends today.",colleague@corp.com,Low
new task assigned to you in the tracker,"Hey, can you share the project update this week. could you check the attached spreadsheet Cheers",bank.alerts@bank.com,Medium
could you check the attached spreadsheet,"Dear all, Can you share the project update this week.  Regards",hr.dept@corp.com,Medium
could you check the attached spreadsheet,"Hey, please approve my leave request when free.  Thank you",prof@university.edu,Medium
payment failed,"Good morning, critical bug reported by customer, needs a patch urgently.  Thanks",boss@corp.com,High
new task assigned to you in the tracker,"Hello team, can you share the project update this week.  Thank you",colleague@corp.com,Medium
please review the meeting notes by Friday,"Hello team, can you share the project update this week. payment failed, action required today Regards",hr.dept@corp.com,Medium
please approve my leave request when free,"Hey, could you check the attached spreadsheet. could you check the attached spreadsheet Thanks",manager@corp.com,Medium
could you check the attached spreadsheet,"Good morning, assignment guidelines updated, take a look.",team@corp.com,Medium
unsubscribe or manage your email preferences,"Hello team, Weekly newsletter: top 10 tech stories.  Best",client.rep@acme.com,Low
feedback requested on the draft proposal,"Good morning, please review the meeting notes by Friday.  Regards",hr.dept@corp.com,Medium
unsubscribe or manage your email preferences,"Hi, photos from the office party. overdue invoice, final notice before suspension",team@corp.com,Low
sharing the agenda for next week's workshop,"could you check the attached spreadsheet. security breach detected, respond immediately Regards",manager@corp.com,Medium
reminder: team sync on Thursday,"Dear all, following up on the earlier question about the budget. assignment guidelines updated, take a look Cheers",hr.dept@corp.com,Medium
weekly newsletter: top 10 tech stories,"Good morning, unsubscribe or manage your email preferences.  Regards",promo@shop.com,Low
your monthly statement is available,"Dear all, Your monthly statement is available!. cafeteria lunch menu for next week Thanks",ceo.office@corp.com,Low
unsubscribe or manage your email preferences,Someone started following you!.  Thank you,team@corp.com,Low
your monthly statement is available,"Hi, UNSUBSCRIBE OR MANAGE YOUR EMAIL PREFERENCES. security breach detected, respond immediately Thank you",bank.alerts@bank.com,Low
deadline is today,"Dear all, critical bug reported by customer, needs a patch urgently. critical bug reported by customer, needs a patch urgently Cheers",promo@shop.com,High
reminder: team sync on Thursday,"Hey, could you check the attached spreadsheet.",colleague@corp.com,Medium
assignment guidelines updated,"Hello team, New task assigned to you in the tracker!.  Best",promo@shop.com,Medium
webinar invitation: join our upcoming event,"Good morning, cafeteria lunch menu for next week.  Thank you",no-reply@social.com,Low
production server is down,"Hey, security breach detected, respond immediately.  Regards",bank.alerts@bank.com,High
exam rescheduled to tomorrow morning,"Dear all, overdue invoice, final notice before suspension. production server is down, need a fix ASAP Best",news@media.com,Low
client escalation: contract at risk,"Good morning, payment failed, action required today.  Thank you",colleague@corp.com,High
deadline is today,"Dear all, production server is down, need a fix ASAP.  Best",client.rep@acme.com,High
deadline is today,"Hello team, deadline is today, submit the report by 5 PM.  Best",colleague@corp.com,High
photos from the office party,thanks for subscribing to our updates.  Thanks,news@media.com,Low
can you share the project update this week,"Good morning, Could you check the attached spreadsheet.  Thanks",prof@university.edu,Medium
weekly newsletter: top 10 tech stories,Photos from the office party.  Thanks,team@corp.com,Medium
you may like these recommended products,"Hello team, cafeteria lunch menu for next week. new task assigned to you in the tracker Thank you",bank.alerts@bank.com,Low
thanks for subscribing to our updates,someone started following you.  Thank you,offers@deals.com,Low
could you check the attached spreadsheet,"Dear all, could you check the attached spreadsheet.  Best",hr.dept@corp.com,Medium
deadline is today,"Hello team, exam rescheduled to tomorrow morning, please confirm.",hr.dept@corp.com,High
could you check the attached spreadsheet,feedback requested on the draft proposal. unsubscribe or manage your email preferences Regards,manager@corp.com,Medium
someone started following you,"Hey, your monthly statement is available.  Thank you",team@corp.com,Low
thanks for subscribing to our updates,"Hello team, unsubscribe or manage your email preferences. board meeting moved to tonight, join now",promo@shop.com,Low
unsubscribe or manage your email preferences,webinar invitation: join our upcoming event.  Best,offers@deals.com,Low
photos from the office party,"Hello team, webinar invitation: join our upcoming event.  Regards",hr.dept@corp.com,Low
could you check the attached spreadsheet,"Hey, Can you share the project update this week. following up on the earlier question about the budget",prof@university.edu,Medium
exam rescheduled to tomorrow morning,"Dear all, Payment failed, action required today!.  Thanks",prof@university.edu,Medium
security breach detected,"Hey, critical bug reported by customer, needs a patch urgently.  Best",hr.dept@corp.com,High
please approve my leave request when free,"Hey, could you check the attached spreadsheet.  Thanks",manager@corp.com,Medium
overdue invoice,"Hi, Security breach detected, respond immediately. unsubscribe or manage your email preferences Regards",bank.alerts@bank.com,High
you may like these recommended products,your monthly statement is available. unsubscribe or manage your email preferences Best,news@media.com,Low
new task assigned to you in the tracker,"Hi, reminder: team sync on Thursday.",prof@university.edu,Medium
overdue invoice,"Good morning, Board meeting moved to tonight, join now. overdue invoice, final notice before suspension Thank you",colleague@corp.com,High
someone started following you,"Good morning, cafeteria lunch menu for next week.  Thanks",no-reply@social.com,Low
deadline is today,"deadline is today, submit the report by 5 PM.",colleague@corp.com,High
interview scheduled tomorrow,"Hi, production server is down, need a fix ASAP.  Thanks",team@corp.com,Medium
sharing the agenda for next week's workshop,"Hello team, sharing the agenda for next week's workshop.  Thanks",manager@corp.com,Medium
your monthly statement is available,"Hi, you may like these recommended products.",promo@shop.com,Low
security breach detected,"Hey, overdue invoice, final notice before suspension.  Regards",client.rep@acme.com,High
critical bug reported by customer,"EXAM RESCHEDULED TO TOMORROW MORNING, PLEASE CONFIRM.  Best",boss@corp.com,High
your monthly statement is available,"Hello team, photos from the office party. interview scheduled tomorrow, confirm now",team@corp.com,Low
someone started following you,"Hello team, webinar invitation: join our upcoming event.  Best",promo@shop.com,Low
reminder: team sync on Thursday,"Hey, new task assigned to you in the tracker.  Regards",colleague@corp.com,Medium
sharing the agenda for next week's workshop,"Good morning, Please approve my leave request when free.  Regards",team@corp.com,Medium
exam rescheduled to tomorrow morning,"Good morning, Board meeting moved to tonight, join now!.  Thanks",hr.dept@corp.com,High
your monthly statement is available,"Dear all, weekly newsletter: top 10 tech stories.  Thanks",news@media.com,Low
board meeting moved to tonight,"Hi, client escalation: contract at risk, call me immediately. interview scheduled tomorrow, confirm now Best",manager@corp.com,Medium
critical bug reported by customer,"Dear all, board meeting moved to tonight, join now.  Thank you",client.rep@acme.com,High
client escalation: contract at risk,"Dear all, PRODUCTION SERVER IS DOWN, NEED A FIX ASAP.",ceo.office@corp.com,High
exam rescheduled to tomorrow morning,"Good morning, CLIENT ESCALATION: CONTRACT AT RISK, CALL ME IMMEDIATELY.  Cheers",ceo.office@corp.com,High
photos from the office party,"Hello team, 50% off sale this weekend only!.  Best",hr.dept@corp.com,High
security breach detected,"Hello team, critical bug reported by customer, needs a patch urgently.  Regards",colleague@corp.com,High
could you check the attached spreadsheet,"Hey, could you check the attached spreadsheet.  Thanks",team@corp.com,Low
reminder: team sync on Thursday,"Hi, please approve my leave request when free.  Thanks",prof@university.edu,Medium
someone started following you,"Hi, photos from the office party. unsubscribe or manage your email preferences Best",hr.dept@corp.com,High
feedback requested on the draft proposal,"Dear all, REMINDER: TEAM SYNC ON THURSDAY.  Thank you",hr.dept@corp.com,Medium
thanks for subscribing to our updates,cafeteria lunch menu for next week.,offers@deals.com,Low
your monthly statement is available,"Hello team, cafeteria lunch menu for next week.",promo@shop.com,Low
board meeting moved to tonight,"Hello team, client escalation: contract at risk, call me immediately.",bank.alerts@bank.com,High
interview scheduled tomorrow,"Hi, Client escalation: contract at risk, call me immediately.  Regards",client.rep@acme.com,High
deadline is today,"Hey, Interview scheduled tomorrow, confirm now. please review the meeting notes by Friday Cheers",colleague@corp.com,High
assignment guidelines updated,"Hi, reminder: team sync on Thursday.",manager@corp.com,Medium
feedback requested on the draft proposal,"Hello team, following up on the earlier question about the budget.  Best",team@corp.com,Medium
can you share the project update this week,"Hi, CAN YOU SHARE THE PROJECT UPDATE THIS WEEK.  Thanks",colleague@corp.com,Medium
someone started following you,"Hello team, THANKS FOR SUBSCRIBING TO OUR UPDATES.  Cheers",bank.alerts@bank.com,High
board meeting moved to tonight,"Hi, overdue invoice, final notice before suspension.  Best",colleague@corp.com,High
following up on the earlier question about the bud,"Good morning, feedback requested on the draft proposal.  Thank you",hr.dept@corp.com,Medium
payment failed,"Dear all, production server is down, need a fix ASAP.  Cheers",bank.alerts@bank.com,High
unsubscribe or manage your email preferences,cafeteria lunch menu for next week.  Thanks,news@media.com,Low
overdue invoice,"Dear all, Quick note, when you get a moment, this is time sensitive!. 50% off sale this weekend only Best",boss@corp.com,High
deadline is today,"Hi, Overdue invoice, final notice before suspension!. weekly newsletter: top 10 tech stories Regards",client.rep@acme.com,High
weekly newsletter: top 10 tech stories,"Hey, weekly newsletter: top 10 tech stories.",no-reply@social.com,Low
overdue invoice,"Hi, client escalation: contract at risk, call me immediately. sharing the agenda for next week's workshop Cheers",prof@university.edu,High
new task assigned to you in the tracker,"Dear all, new task assigned to you in the tracker.",manager@corp.com,Medium
please approve my leave request when free,"Hey, please approve my leave request when free.",prof@university.edu,Medium
new task assigned to you in the tracker,"Hello team, following up on the earlier question about the budget.  Best",manager@corp.com,Medium
feedback requested on the draft proposal,"Hello team, could you check the attached spreadsheet.  Thank you",hr.dept@corp.com,Medium
production server is down,"Hello team, DEADLINE IS TODAY, SUBMIT THE REPORT BY 5 PM.  Best",offers@deals.com,Low
weekly newsletter: top 10 tech stories,"Hi, 50% off sale this weekend only. sharing the agenda for next week's workshop Cheers",offers@deals.com,Low
interview scheduled tomorrow,"Hello team, deadline is today, submit the report by 5 PM. unsubscribe or manage your email preferences Cheers",ceo.office@corp.com,High
interview scheduled tomorrow,"Hey, overdue invoice, final notice before suspension.  Cheers",hr.dept@corp.com,High
please review the meeting notes by Friday,"Good morning, feedback requested on the draft proposal.  Thanks",manager@corp.com,Medium
50% off sale this weekend only,"Hi, thanks for subscribing to our updates.  Cheers",promo@shop.com,High
please approve my leave request when free,"Hi, assignment guidelines updated, take a look.  Cheers",colleague@corp.com,Medium
photos from the office party,cafeteria lunch menu for next week.  Thanks,prof@university.edu,Medium
can you share the project update this week,"Hi, ASSIGNMENT GUIDELINES UPDATED, TAKE A LOOK.",team@corp.com,Medium
payment failed,"overdue invoice, final notice before suspension.  Thanks",bank.alerts@bank.com,High
50% off sale this weekend only,"Hey, Action required: claim your free coupon now.",colleague@corp.com,Medium
payment failed,"Hey, Deadline is today, submit the report by 5 pm. new task assigned to you in the tracker Regards",hr.dept@corp.com,High
interview scheduled tomorrow,"Hi, SECURITY BREACH DETECTED, RESPOND IMMEDIATELY.  Thanks",manager@corp.com,High
you may like these recommended products,Last chance! sale ends today.  Best,team@corp.com,Low
photos from the office party,"Dear all, URGENT!!! LIMITED-TIME OFFER, ACT NOW.  Thank you",news@media.com,Low
feedback requested on the draft proposal,"Hello team, New task assigned to you in the tracker.  Best",prof@university.edu,Medium
feedback requested on the draft proposal,"Good morning, can you share the project update this week.  Thanks",team@corp.com,Medium
could you check the attached spreadsheet,Can you share the project update this week!.  Regards,manager@corp.com,Medium
please review the meeting notes by Friday,"Hey, reminder: team sync on Thursday.  Regards",hr.dept@corp.com,Medium
weekly newsletter: top 10 tech stories,"Hey, photos from the office party.",colleague@corp.com,Medium
deadline is today,"Dear all, board meeting moved to tonight, join now.",hr.dept@corp.com,Low
50% off sale this weekend only,"Hi, You may like these recommended products.  Regards",bank.alerts@bank.com,High
deadline is today,"Payment failed, action required today!.",bank.alerts@bank.com,High
someone started following you,"Hi, your monthly statement is available.  Best",no-reply@social.com,Low
security breach detected,"Hello team, client escalation: contract at risk, call me immediately. following up on the earlier question about the budget Best",boss@corp.com,High
following up on the earlier question about the bud,please review the meeting notes by Friday.,colleague@corp.com,Medium
critical bug reported by customer,"CRITICAL BUG REPORTED BY CUSTOMER, NEEDS A PATCH URGENTLY.  Cheers",bank.alerts@bank.com,High
your monthly statement is available,"Hi, Last chance! sale ends today.  Regards",offers@deals.com,Low
weekly newsletter: top 10 tech stories,"Hi, Last chance! sale ends today. someone started following you Cheers",offers@deals.com,Low
exam rescheduled to tomorrow morning,"Hey, overdue invoice, final notice before suspension.  Best",manager@corp.com,Low
deadline is today,"Good morning, board meeting moved to tonight, join now.  Cheers",hr.dept@corp.com,High
board meeting moved to tonight,"Hi, overdue invoice, final notice before suspension.  Thank you",ceo.office@corp.com,High
sharing the agenda for next week's workshop,"assignment guidelines updated, take a look.  Thank you",manager@corp.com,Medium
you may like these recommended products,Webinar invitation: join our upcoming event.  Regards,news@media.com,Low
security breach detected,"Dear all, overdue invoice, final notice before suspension.  Best",colleague@corp.com,High
assignment guidelines updated,"Dear all, please review the meeting notes by Friday.",manager@corp.com,Medium
sharing the agenda for next week's workshop,"Good morning, sharing the agenda for next week's workshop.  Thank you",team@corp.com,Medium
photos from the office party,"Hey, YOU MAY LIKE THESE RECOMMENDED PRODUCTS.  Cheers",promo@shop.com,Low
payment failed,"Dear all, security breach detected, respond immediately.  Regards",bank.alerts@bank.com,High
deadline is today,"Dear all, production server is down, need a fix ASAP.  Regards",boss@corp.com,High
your monthly statement is available,50% off sale this weekend only.,promo@shop.com,Low
webinar invitation: join our upcoming event,"Hi, Thanks for subscribing to our updates!.  Thank you",team@corp.com,Low
board meeting moved to tonight,"Good morning, critical bug reported by customer, needs a patch urgently.  Thank you",hr.dept@corp.com,High
you may like these recommended products,"Hello team, cafeteria lunch menu for next week.",offers@deals.com,Low
production server is down,"Good morning, critical bug reported by customer, needs a patch urgently.  Thank you",colleague@corp.com,High
following up on the earlier question about the bud,"Good morning, please review the meeting notes by Friday.  Regards",team@corp.com,Low
new task assigned to you in the tracker,please approve my leave request when free.  Best,bank.alerts@bank.com,High
security breach detected,"Dear all, overdue invoice, final notice before suspension.  Thanks",boss@corp.com,Low
can you share the project update this week,"Hi, please review the meeting notes by Friday. production server is down, need a fix ASAP Best",prof@university.edu,Medium
board meeting moved to tonight,"Hi, small thing but it needs sorting out before the deadline.  Regards",no-reply@social.com,Medium
interview scheduled tomorrow,"Good morning, interview scheduled tomorrow, confirm now. your monthly statement is available Cheers",news@media.com,High
weekly newsletter: top 10 tech stories,"Dear all, Action required: claim your free coupon now.  Best",no-reply@social.com,Low
50% off sale this weekend only,"Hi, Someone started following you. assignment guidelines updated, take a look Cheers",promo@shop.com,High
please review the meeting notes by Friday,Please review the meeting notes by friday.  Thank you,bank.alerts@bank.com,High
someone started following you,"Good morning, 50% off sale this weekend only.  Regards",promo@shop.com,Low
sharing the agenda for next week's workshop,"Hi, Last chance! sale ends today.  Thanks",offers@deals.com,Low
someone started following you,"Hello team, unsubscribe or manage your email preferences.  Cheers",manager@corp.com,Medium
exam rescheduled to tomorrow morning,"Hey, Quick note, when you get a moment, this is time sensitive.  Regards",hr.dept@corp.com,Low
payment failed,"Hey, interview scheduled tomorrow, confirm now.  Thanks",client.rep@acme.com,Medium
new task assigned to you in the tracker,"Hello team, can you share the project update this week.  Cheers",hr.dept@corp.com,Medium
following up on the earlier question about the bud,"Hello team, following up on the earlier question about the budget.  Cheers",manager@corp.com,Medium
feedback requested on the draft proposal,"Hey, following up on the earlier question about the budget.  Best",team@corp.com,Medium
overdue invoice,"Hello team, exam rescheduled to tomorrow morning, please confirm.",team@corp.com,High
someone started following you,50% off sale this weekend only.  Thanks,no-reply@social.com,High
payment failed,"Hello team, OVERDUE INVOICE, FINAL NOTICE BEFORE SUSPENSION.  Best",client.rep@acme.com,High
cafeteria lunch menu for next week,"Dear all, photos from the office party.  Regards",news@media.com,Low
feedback requested on the draft proposal,"Good morning, please review the meeting notes by Friday.",colleague@corp.com,Medium
critical bug reported by customer,"Hello team, quick note, when you get a moment, this is time sensitive.  Best",colleague@corp.com,High
new task assigned to you in the tracker,"Hi, please review the meeting notes by Friday.  Best",colleague@corp.com,Medium
following up on the earlier question about the bud,"Good morning, could you check the attached spreadsheet.  Thanks",manager@corp.com,Medium
webinar invitation: join our upcoming event,"Good morning, Your monthly statement is available.  Best",promo@shop.com,Low
could you check the attached spreadsheet,"Dear all, following up on the earlier question about the budget. board meeting moved to tonight, join now",hr.dept@corp.com,Medium
please approve my leave request when free,"Hey, assignment guidelines updated, take a look.  Regards",prof@university.edu,Medium
board meeting moved to tonight,"Good morning, Critical bug reported by customer, needs a patch urgently. you may like these recommended products Best",ceo.office@corp.com,High
production server is down,"Hey, critical bug reported by customer, needs a patch urgently. please approve my leave request when free Regards",bank.alerts@bank.com,High
interview scheduled tomorrow,"Hello team, security breach detected, respond immediately.  Thank you",colleague@corp.com,High
payment failed,"Hey, Payment failed, action required today.  Thank you",hr.dept@corp.com,High
payment failed,"critical bug reported by customer, needs a patch urgently.  Best",boss@corp.com,High
overdue invoice,"critical bug reported by customer, needs a patch urgently.  Thank you",bank.alerts@bank.com,High
webinar invitation: join our upcoming event,"Dear all, thanks for subscribing to our updates.  Cheers",team@corp.com,Low
deadline is today,"Good morning, INTERVIEW SCHEDULED TOMORROW, CONFIRM NOW.  Thanks",team@corp.com,High
payment failed,"Dear all, board meeting moved to tonight, join now.  Cheers",prof@university.edu,Medium
50% off sale this weekend only,"Good morning, your monthly statement is available.  Cheers",promo@shop.com,Low
cafeteria lunch menu for next week,"Good morning, unsubscribe or manage your email preferences.  Cheers",offers@deals.com,Low
your monthly statement is available,"Dear all, someone started following you. photos from the office party Regards",news@media.com,Low
overdue invoice,"Good morning, deadline is today, submit the report by 5 PM.  Thank you",client.rep@acme.com,High
someone started following you,"Dear all, unsubscribe or manage your email preferences.  Cheers",team@corp.com,Low
board meeting moved to tonight,"client escalation: contract at risk, call me immediately. could you check the attached spreadsheet Cheers",boss@corp.com,High
following up on the earlier question about the bud,"following up on the earlier question about the budget. critical bug reported by customer, needs a patch urgently",prof@university.edu,Medium
interview scheduled tomorrow,"Good morning, quick note, when you get a moment, this is time sensitive.  Thank you",hr.dept@corp.com,High
could you check the attached spreadsheet,"Hi, reminder: team sync on Thursday. can you share the project update this week Thanks",team@corp.com,Medium
please review the meeting notes by Friday,Reminder: team sync on thursday. please approve my leave request when free Cheers,hr.dept@corp.com,Medium
can you share the project update this week,"Hello team, new task assigned to you in the tracker.  Regards",promo@shop.com,Low
weekly newsletter: top 10 tech stories,"Hello team, 50% off sale this weekend only.  Thanks",team@corp.com,Low
payment failed,"Dear all, deadline is today, submit the report by 5 PM.  Regards",prof@university.edu,High
payment failed,"Dear all, overdue invoice, final notice before suspension.  Cheers",boss@corp.com,High
reminder: team sync on Thursday,"Dear all, feedback requested on the draft proposal.  Best",no-reply@social.com,Low
could you check the attached spreadsheet,"Hey, assignment guidelines updated, take a look. production server is down, need a fix ASAP",prof@university.edu,Medium
critical bug reported by customer,"Good morning, board meeting moved to tonight, join now.  Cheers",offers@deals.com,High
following up on the earlier question about the bud,"Hey, could you check the attached spreadsheet.  Cheers",prof@university.edu,Medium
board meeting moved to tonight,"Hi, Overdue invoice, final notice before suspension. please review the meeting notes by Friday Regards",colleague@corp.com,High
sharing the agenda for next week's workshop,COULD YOU CHECK THE ATTACHED SPREADSHEET.  Cheers,prof@university.edu,Medium
your monthly statement is available,"Dear all, Webinar invitation: join our upcoming event!.  Regards",news@media.com,Low
photos from the office party,"Hi, small thing but it needs sorting out before the deadline.  Regards",bank.alerts@bank.com,High
cafeteria lunch menu for next week,"Dear all, thanks for subscribing to our updates.  Thank you",hr.dept@corp.com,Medium
new task assigned to you in the tracker,please approve my leave request when free.  Thank you,team@corp.com,Low
someone started following you,"Hello team, someone started following you.  Thanks",hr.dept@corp.com,Medium
photos from the office party,"Hey, Your monthly statement is available.  Thanks",promo@shop.com,Low
payment failed,"Hey, Quick note, when you get a moment, this is time sensitive!.  Thank you",hr.dept@corp.com,High
webinar invitation: join our upcoming event,"Hey, PHOTOS FROM THE OFFICE PARTY.  Regards",promo@shop.com,Low
board meeting moved to tonight,"Good morning, small thing but it needs sorting out before the deadline.  Best",ceo.office@corp.com,High
50% off sale this weekend only,"Good morning, unsubscribe or manage your email preferences.  Thanks",offers@deals.com,Low
please approve my leave request when free,"Hi, could you check the attached spreadsheet.  Thanks",colleague@corp.com,Medium
unsubscribe or manage your email preferences,"Hey, you may like these recommended products.  Cheers",team@corp.com,Low
exam rescheduled to tomorrow morning,"Hi, Critical bug reported by customer, needs a patch urgently. interview scheduled tomorrow, confirm now Cheers",bank.alerts@bank.com,High
critical bug reported by customer,"Dear all, CRITICAL BUG REPORTED BY CUSTOMER, NEEDS A PATCH URGENTLY.  Thank you",team@corp.com,High
could you check the attached spreadsheet,"Good morning, New task assigned to you in the tracker.  Thank you",prof@university.edu,Medium
assignment guidelines updated,new task assigned to you in the tracker.  Best,hr.dept@corp.com,High
someone started following you,"Hey, UNSUBSCRIBE OR MANAGE YOUR EMAIL PREFERENCES.  Thank you",offers@deals.com,Low
client escalation: contract at risk,"Dear all, security breach detected, respond immediately. interview scheduled tomorrow, confirm now Regards",team@corp.com,High
please review the meeting notes by Friday,"Dear all, Can you share the project update this week!.  Thanks",team@corp.com,Low
client escalation: contract at risk,"Good morning, EXAM RESCHEDULED TO TOMORROW MORNING, PLEASE CONFIRM.  Cheers",client.rep@acme.com,High
overdue invoice,"Hello team, deadline is today, submit the report by 5 PM. security breach detected, respond immediately Thanks",ceo.office@corp.com,High
deadline is today,"Hello team, deadline is today, submit the report by 5 PM.  Thanks",colleague@corp.com,High
client escalation: contract at risk,"Hi, Exam rescheduled to tomorrow morning, please confirm!.",hr.dept@corp.com,High
weekly newsletter: top 10 tech stories,"Hi, weekly newsletter: top 10 tech stories.  Thanks",team@corp.com,Low
you may like these recommended products,"Hello team, someone started following you.  Thank you",no-reply@social.com,Low
unsubscribe or manage your email preferences,"Hey, Unsubscribe or manage your email preferences.  Cheers",team@corp.com,Low
security breach detected,"Hi, Security breach detected, respond immediately!.  Regards",colleague@corp.com,High
sharing the agenda for next week's workshop,"Hey, please review the meeting notes by Friday.",team@corp.com,Medium
could you check the attached spreadsheet,"Hey, Please review the meeting notes by friday.",prof@university.edu,Medium
feedback requested on the draft proposal,please review the meeting notes by Friday.  Best,client.rep@acme.com,Medium
50% off sale this weekend only,"Dear all, webinar invitation: join our upcoming event.  Regards",team@corp.com,Low
someone started following you,"Hi, URGENT!!! limited-time offer, act now.",hr.dept@corp.com,Low
interview scheduled tomorrow,"Dear all, CLIENT ESCALATION: CONTRACT AT RISK, CALL ME IMMEDIATELY.",hr.dept@corp.com,High
assignment guidelines updated,"Hi, can you share the project update this week. can you share the project update this week Regards",prof@university.edu,Medium
board meeting moved to tonight,"payment failed, action required today. you may like these recommended products Thank you",manager@corp.com,High
50% off sale this weekend only,Action required: claim your free coupon now. 50% off sale this weekend only Cheers,offers@deals.com,Low
please approve my leave request when free,"Hello team, following up on the earlier question about the budget.  Thank you",manager@corp.com,Medium
could you check the attached spreadsheet,"Dear all, please approve my leave request when free.  Regards",colleague@corp.com,Medium
your monthly statement is available,"Dear all, URGENT!!! limited-time offer, act now. you may like these recommended products Thanks",offers@deals.com,Low
critical bug reported by customer,"interview scheduled tomorrow, confirm now.  Regards",ceo.office@corp.com,High
feedback requested on the draft proposal,"Hi, small thing but it needs sorting out before the deadline.  Thank you",client.rep@acme.com,High
security breach detected,"Deadline is today, submit the report by 5 pm!.",team@corp.com,High
security breach detected,"Hello team, Payment failed, action required today!.  Thanks",boss@corp.com,High
someone started following you,"Dear all, you may like these recommended products. can you share the project update this week Regards",news@media.com,Low
thanks for subscribing to our updates,thanks for subscribing to our updates.,no-reply@social.com,Low
exam rescheduled to tomorrow morning,"Hello team, board meeting moved to tonight, join now. sharing the agenda for next week's workshop Cheers",boss@corp.com,High
payment failed,"Security breach detected, respond immediately!. you may like these recommended products Thanks",boss@corp.com,High
sharing the agenda for next week's workshop,"Hello team, NEW TASK ASSIGNED TO YOU IN THE TRACKER.  Best",hr.dept@corp.com,Medium
please review the meeting notes by Friday,Feedback requested on the draft proposal.  Regards,team@corp.com,Medium
please review the meeting notes by Friday,"Hi, Please approve my leave request when free. can you share the project update this week Cheers",manager@corp.com,Medium
client escalation: contract at risk,"Hello team, interview scheduled tomorrow, confirm now.",colleague@corp.com,High
board meeting moved to tonight,"BOARD MEETING MOVED TO TONIGHT, JOIN NOW.",ceo.office@corp.com,High
overdue invoice,"Hi, exam rescheduled to tomorrow morning, please confirm.",news@media.com,High
new task assigned to you in the tracker,"Hey, following up on the earlier question about the budget.",team@corp.com,Medium
payment failed,"Dear all, interview scheduled tomorrow, confirm now.",hr.dept@corp.com,High
50% off sale this weekend only,"Hi, 50% off sale this weekend only.  Thanks",offers@deals.com,Low
your monthly statement is available,"Hello team, Thanks for subscribing to our updates.  Thank you",hr.dept@corp.com,Low
board meeting moved to tonight,"Hello team, board meeting moved to tonight, join now.  Thanks",boss@corp.com,High
can you share the project update this week,"Hi, please review the meeting notes by Friday.  Thanks",prof@university.edu,Medium
50% off sale this weekend only,"Hey, weekly newsletter: top 10 tech stories.  Thanks",team@corp.com,Low
you may like these recommended products,"Hey, You may like these recommended products.  Thanks",hr.dept@corp.com,Medium
webinar invitation: join our upcoming event,unsubscribe or manage your email preferences.  Thank you,ceo.office@corp.com,Low
you may like these recommended products,"Hello team, your monthly statement is available.  Cheers",no-reply@social.com,Low
assignment guidelines updated,"Hi, reminder: team sync on Thursday.  Regards",team@corp.com,Medium
following up on the earlier question about the bud,"Hi, following up on the earlier question about the budget. exam rescheduled to tomorrow morning, please confirm",team@corp.com,Medium
assignment guidelines updated,please review the meeting notes by Friday. following up on the earlier question about the budget,boss@corp.com,Medium
you may like these recommended products,50% off sale this weekend only.  Thanks,team@corp.com,Low
reminder: team sync on Thursday,"Hi, new task assigned to you in the tracker.  Cheers",colleague@corp.com,Medium
webinar invitation: join our upcoming event,"Dear all, your monthly statement is available.  Regards",no-reply@social.com,Low
overdue invoice,"payment failed, action required today.  Cheers",ceo.office@corp.com,High
new task assigned to you in the tracker,"Dear all, please review the meeting notes by Friday.",prof@university.edu,Medium
unsubscribe or manage your email preferences,"Hey, Webinar invitation: join our upcoming event.  Cheers",colleague@corp.com,Medium
deadline is today,"Hi, PRODUCTION SERVER IS DOWN, NEED A FIX ASAP.  Thank you",ceo.office@corp.com,High
cafeteria lunch menu for next week,"Hello team, webinar invitation: join our upcoming event. deadline is today, submit the report by 5 PM Cheers",promo@shop.com,Low
can you share the project update this week,"Dear all, new task assigned to you in the tracker.  Regards",prof@university.edu,Medium
payment failed,"Dear all, quick note, when you get a moment, this is time sensitive. cafeteria lunch menu for next week Regards",client.rep@acme.com,High
you may like these recommended products,"Hi, webinar invitation: join our upcoming event.  Thank you",no-reply@social.com,Low
cafeteria lunch menu for next week,Weekly newsletter: top 10 tech stories.  Regards,hr.dept@corp.com,Low
cafeteria lunch menu for next week,"Good morning, 50% off sale this weekend only.  Regards",news@media.com,Low
deadline is today,"Hey, client escalation: contract at risk, call me immediately.  Regards",bank.alerts@bank.com,High
overdue invoice,"Dear all, security breach detected, respond immediately.",client.rep@acme.com,High
critical bug reported by customer,"Good morning, Interview scheduled tomorrow, confirm now.  Best",offers@deals.com,Low
webinar invitation: join our upcoming event,"Dear all, Webinar invitation: join our upcoming event.  Regards",news@media.com,Low
production server is down,"board meeting moved to tonight, join now.  Best",hr.dept@corp.com,High
could you check the attached spreadsheet,"Hi, could you check the attached spreadsheet.  Best",bank.alerts@bank.com,Medium
exam rescheduled to tomorrow morning,"Dear all, board meeting moved to tonight, join now.",ceo.office@corp.com,High
photos from the office party,"Good morning, webinar invitation: join our upcoming event. sharing the agenda for next week's workshop",news@media.com,High
critical bug reported by customer,"exam rescheduled to tomorrow morning, please confirm.",hr.dept@corp.com,High
photos from the office party,Action required: claim your free coupon now.  Best,team@corp.com,Low
production server is down,"Hey, interview scheduled tomorrow, confirm now.  Cheers",manager@corp.com,High
payment failed,"Good morning, Exam rescheduled to tomorrow morning, please confirm.",client.rep@acme.com,High
payment failed,"Hey, overdue invoice, final notice before suspension.  Regards",client.rep@acme.com,High
deadline is today,"Dear all, critical bug reported by customer, needs a patch urgently.",hr.dept@corp.com,High
production server is down,"Good morning, small thing but it needs sorting out before the deadline.  Cheers",colleague@corp.com,High
new task assigned to you in the tracker,"Hello team, ASSIGNMENT GUIDELINES UPDATED, TAKE A LOOK.",hr.dept@corp.com,Medium
exam rescheduled to tomorrow morning,"Dear all, quick note, when you get a moment, this is time sensitive.  Cheers",ceo.office@corp.com,High
could you check the attached spreadsheet,"Good morning, Reminder: team sync on thursday.  Regards",team@corp.com,Medium
weekly newsletter: top 10 tech stories,"Good morning, unsubscribe or manage your email preferences. weekly newsletter: top 10 tech stories Best",no-reply@social.com,Low
weekly newsletter: top 10 tech stories,"someone started following you. exam rescheduled to tomorrow morning, please confirm Best",colleague@corp.com,High
unsubscribe or manage your email preferences,"Hey, Urgent!!! limited-time offer, act now!.  Cheers",hr.dept@corp.com,Low
board meeting moved to tonight,"Dear all, Deadline is today, submit the report by 5 pm.  Cheers",client.rep@acme.com,High
interview scheduled tomorrow,"exam rescheduled to tomorrow morning, please confirm.  Regards",client.rep@acme.com,High
exam rescheduled to tomorrow morning,"Hey, Security breach detected, respond immediately.  Thank you",bank.alerts@bank.com,High
sharing the agenda for next week's workshop,"Dear all, Please approve my leave request when free. production server is down, need a fix ASAP",team@corp.com,Medium
assignment guidelines updated,REMINDER: TEAM SYNC ON THURSDAY.  Thanks,colleague@corp.com,Medium
sharing the agenda for next week's workshop,"Good morning, please approve my leave request when free.  Thanks",team@corp.com,Medium
interview scheduled tomorrow,"Hello team, overdue invoice, final notice before suspension.  Thank you",promo@shop.com,High
reminder: team sync on Thursday,"Good morning, Following up on the earlier question about the budget.  Regards",hr.dept@corp.com,Medium
reminder: team sync on Thursday,please approve my leave request when free.  Thanks,manager@corp.com,Medium
following up on the earlier question about the bud,"Good morning, please approve my leave request when free.",offers@deals.com,Medium
assignment guidelines updated,could you check the attached spreadsheet.  Thanks,ceo.office@corp.com,High
interview scheduled tomorrow,"Hello team, client escalation: contract at risk, call me immediately.",colleague@corp.com,Low
overdue invoice,"Hello team, INTERVIEW SCHEDULED TOMORROW, CONFIRM NOW. please review the meeting notes by Friday Cheers",ceo.office@corp.com,High
50% off sale this weekend only,someone started following you.  Regards,offers@deals.com,Low
weekly newsletter: top 10 tech stories,"Hi, cafeteria lunch menu for next week.  Thanks",offers@deals.com,Low
exam rescheduled to tomorrow morning,"Hi, deadline is today, submit the report by 5 PM. interview scheduled tomorrow, confirm now Best",client.rep@acme.com,High
cafeteria lunch menu for next week,"Hey, your monthly statement is available.",team@corp.com,Low
deadline is today,"Hey, exam rescheduled to tomorrow morning, please confirm. deadline is today, submit the report by 5 PM Cheers",boss@corp.com,High
unsubscribe or manage your email preferences,weekly newsletter: top 10 tech stories.  Regards,team@corp.com,Low
critical bug reported by customer,"Good morning, OVERDUE INVOICE, FINAL NOTICE BEFORE SUSPENSION.  Best",client.rep@acme.com,High
production server is down,"Hi, interview scheduled tomorrow, confirm now.  Thank you",hr.dept@corp.com,High
new task assigned to you in the tracker,"Hey, please review the meeting notes by Friday. overdue invoice, final notice before suspension Best",team@corp.com,Medium
you may like these recommended products,cafeteria lunch menu for next week.,promo@shop.com,Low
client escalation: contract at risk,"Dear all, Overdue invoice, final notice before suspension!. please approve my leave request when free Thanks",hr.dept@corp.com,High
board meeting moved to tonight,"Hi, Interview scheduled tomorrow, confirm now.  Thank you",news@media.com,Low
production server is down,"Hey, security breach detected, respond immediately.  Thanks",bank.alerts@bank.com,High
50% off sale this weekend only,Last chance! sale ends today.  Cheers,news@media.com,Low
feedback requested on the draft proposal,"Dear all, reminder: team sync on Thursday. payment failed, action required today Regards",manager@corp.com,Medium
unsubscribe or manage your email preferences,"Hi, Last chance! sale ends today.  Best",hr.dept@corp.com,Low
your monthly statement is available,"Good morning, Last chance! sale ends today.",no-reply@social.com,Low
security breach detected,"Hey, payment failed, action required today. cafeteria lunch menu for next week",ceo.office@corp.com,High
thanks for subscribing to our updates,"50% off sale this weekend only. client escalation: contract at risk, call me immediately Thanks",promo@shop.com,Low
cafeteria lunch menu for next week,"Good morning, unsubscribe or manage your email preferences.  Cheers",offers@deals.com,Low
cafeteria lunch menu for next week,"Good morning, You may like these recommended products!.",news@media.com,Low
weekly newsletter: top 10 tech stories,"Good morning, PHOTOS FROM THE OFFICE PARTY.  Thanks",promo@shop.com,Low
production server is down,"Hi, overdue invoice, final notice before suspension.  Regards",hr.dept@corp.com,High
photos from the office party,"thanks for subscribing to our updates. assignment guidelines updated, take a look",hr.dept@corp.com,High
reminder: team sync on Thursday,"Hey, Following up on the earlier question about the budget!. production server is down, need a fix ASAP Cheers",colleague@corp.com,Medium
exam rescheduled to tomorrow morning,"deadline is today, submit the report by 5 PM.  Thank you",bank.alerts@bank.com,High
can you share the project update this week,"Hey, can you share the project update this week.  Cheers",colleague@corp.com,Medium
please approve my leave request when free,"Hello team, sharing the agenda for next week's workshop.",boss@corp.com,Medium
feedback requested on the draft proposal,"Hello team, Feedback requested on the draft proposal.  Thanks",hr.dept@corp.com,Medium
could you check the attached spreadsheet,"Hi, following up on the earlier question about the budget.  Cheers",colleague@corp.com,Medium
interview scheduled tomorrow,"Hi, quick note, when you get a moment, this is time sensitive.  Thanks",hr.dept@corp.com,High
critical bug reported by customer,"payment failed, action required today.  Regards",team@corp.com,High
photos from the office party,"Hello team, your monthly statement is available.  Best",offers@deals.com,Low
unsubscribe or manage your email preferences,"Dear all, webinar invitation: join our upcoming event.  Best",no-reply@social.com,Low
photos from the office party,"Dear all, someone started following you.  Regards",promo@shop.com,Low
security breach detected,"quick note, when you get a moment, this is time sensitive.  Regards",client.rep@acme.com,High
board meeting moved to tonight,"Dear all, client escalation: contract at risk, call me immediately.  Thank you",ceo.office@corp.com,High
critical bug reported by customer,"Hey, board meeting moved to tonight, join now.  Regards",client.rep@acme.com,High
assignment guidelines updated,"Hey, following up on the earlier question about the budget.  Thanks",manager@corp.com,Medium
security breach detected,"Good morning, payment failed, action required today.  Regards",manager@corp.com,High
security breach detected,"exam rescheduled to tomorrow morning, please confirm.  Cheers",colleague@corp.com,Medium
photos from the office party,"Hi, cafeteria lunch menu for next week. board meeting moved to tonight, join now Thank you",team@corp.com,Low
client escalation: contract at risk,"interview scheduled tomorrow, confirm now.  Thank you",colleague@corp.com,Medium
interview scheduled tomorrow,"Dear all, exam rescheduled to tomorrow morning, please confirm.  Cheers",news@media.com,Medium
your monthly statement is available,"Hi, you may like these recommended products.  Cheers",team@corp.com,Low
could you check the attached spreadsheet,"Hey, following up on the earlier question about the budget.",hr.dept@corp.com,Medium
cafeteria lunch menu for next week,"Good morning, webinar invitation: join our upcoming event.  Thanks",promo@shop.com,Low
interview scheduled tomorrow,"board meeting moved to tonight, join now.  Thank you",boss@corp.com,High
overdue invoice,"security breach detected, respond immediately.  Cheers",ceo.office@corp.com,Medium
following up on the earlier question about the bud,"Dear all, assignment guidelines updated, take a look.  Regards",prof@university.edu,Medium
cafeteria lunch menu for next week,"Dear all, your monthly statement is available. payment failed, action required today",ceo.office@corp.com,High
critical bug reported by customer,"Hey, Production server is down, need a fix asap.",hr.dept@corp.com,High
please review the meeting notes by Friday,"Hi, following up on the earlier question about the budget.  Regards",prof@university.edu,Medium
feedback requested on the draft proposal,"Hello team, sharing the agenda for next week's workshop.  Thanks",hr.dept@corp.com,Medium
following up on the earlier question about the bud,"Hey, can you share the project update this week.  Thank you",hr.dept@corp.com,Medium
webinar invitation: join our upcoming event,PHOTOS FROM THE OFFICE PARTY.  Regards,no-reply@social.com,Low
feedback requested on the draft proposal,"Dear all, assignment guidelines updated, take a look.  Thanks",prof@university.edu,Low
please approve my leave request when free,"Hey, sharing the agenda for next week's workshop. someone started following you Thanks",bank.alerts@bank.com,High
thanks for subscribing to our updates,"Dear all, cafeteria lunch menu for next week.  Regards",promo@shop.com,Low
can you share the project update this week,"Good morning, assignment guidelines updated, take a look. you may like these recommended products Cheers",colleague@corp.com,Medium
deadline is today,"Hey, Deadline is today, submit the report by 5 pm. exam rescheduled to tomorrow morning, please confirm Thank you",boss@corp.com,High
interview scheduled tomorrow,"Hey, Payment failed, action required today. your monthly statement is available Thank you",colleague@corp.com,High
50% off sale this weekend only,"Dear all, weekly newsletter: top 10 tech stories.  Best",no-reply@social.com,Low
feedback requested on the draft proposal,"Hey, can you share the project update this week.  Best",hr.dept@corp.com,Medium
deadline is today,"Dear all, Small thing but it needs sorting out before the deadline!.  Thanks",manager@corp.com,High
thanks for subscribing to our updates,"Dear all, unsubscribe or manage your email preferences.  Thanks",no-reply@social.com,Low
interview scheduled tomorrow,"Dear all, board meeting moved to tonight, join now. webinar invitation: join our upcoming event Regards",colleague@corp.com,High
deadline is today,"Hey, security breach detected, respond immediately.  Regards",boss@corp.com,Medium
interview scheduled tomorrow,"Hey, overdue invoice, final notice before suspension.  Regards",colleague@corp.com,Medium
exam rescheduled to tomorrow morning,"Hey, Exam rescheduled to tomorrow morning, please confirm!.",bank.alerts@bank.com,High
photos from the office party,"Hello team, your monthly statement is available.",team@corp.com,Low
unsubscribe or manage your email preferences,"Hi, your monthly statement is available. reminder: team sync on Thursday Thanks",promo@shop.com,Low
your monthly statement is available,photos from the office party.  Thanks,news@media.com,Low
cafeteria lunch menu for next week,"Hey, someone started following you.",news@media.com,Low
feedback requested on the draft proposal,"Hi, Could you check the attached spreadsheet. thanks for subscribing to our updates Regards",team@corp.com,Medium
reminder: team sync on Thursday,"Good morning, following up on the earlier question about the budget.  Cheers",news@media.com,Medium
thanks for subscribing to our updates,"Good morning, cafeteria lunch menu for next week.  Thanks",client.rep@acme.com,High
payment failed,"Hello team, PRODUCTION SERVER IS DOWN, NEED A FIX ASAP.  Best",colleague@corp.com,High
client escalation: contract at risk,"Hello team, Client escalation: contract at risk, call me immediately.  Thank you",colleague@corp.com,High
reminder: team sync on Thursday,"Hello team, following up on the earlier question about the budget. board meeting moved to tonight, join now Thanks",team@corp.com,Medium
exam rescheduled to tomorrow morning,"Hi, deadline is today, submit the report by 5 PM.  Cheers",colleague@corp.com,High
could you check the attached spreadsheet,"Good morning, can you share the project update this week.",promo@shop.com,Medium
reminder: team sync on Thursday,"Dear all, sharing the agenda for next week's workshop.  Cheers",manager@corp.com,Medium
your monthly statement is available,"Hey, someone started following you.  Regards",no-reply@social.com,Low
you may like these recommended products,"Dear all, webinar invitation: join our upcoming event.",offers@deals.com,High
client escalation: contract at risk,"exam rescheduled to tomorrow morning, please confirm.  Regards",bank.alerts@bank.com,High
payment failed,"Good morning, Board meeting moved to tonight, join now. someone started following you Thank you",manager@corp.com,High
photos from the office party,"Hi, Action required: claim your free coupon now.",no-reply@social.com,Low
unsubscribe or manage your email preferences,"Dear all, 50% off sale this weekend only.  Best",promo@shop.com,Low
unsubscribe or manage your email preferences,"Good morning, webinar invitation: join our upcoming event.  Cheers",offers@deals.com,Low
new task assigned to you in the tracker,"Dear all, ASSIGNMENT GUIDELINES UPDATED, TAKE A LOOK. someone started following you Cheers",hr.dept@corp.com,Medium
overdue invoice,"Hello team, Security breach detected, respond immediately!.  Thank you",offers@deals.com,High
unsubscribe or manage your email preferences,"Hi, You may like these recommended products!.",promo@shop.com,Low
unsubscribe or manage your email preferences,"Hello team, thanks for subscribing to our updates. critical bug reported by customer, needs a patch urgently Regards",news@media.com,Low
someone started following you,"Dear all, Photos from the office party.  Best",offers@deals.com,Low
can you share the project update this week,"Hi, new task assigned to you in the tracker.  Cheers",colleague@corp.com,Medium
exam rescheduled to tomorrow morning,"Board meeting moved to tonight, join now.",bank.alerts@bank.com,High
sharing the agenda for next week's workshop,"Good morning, can you share the project update this week.",bank.alerts@bank.com,Medium
your monthly statement is available,photos from the office party.  Thanks,boss@corp.com,Low
new task assigned to you in the tracker,"Hey, could you check the attached spreadsheet.  Thank you",prof@university.edu,Medium
could you check the attached spreadsheet,Please review the meeting notes by friday.  Best,hr.dept@corp.com,Medium
following up on the earlier question about the bud,"Hi, PLEASE APPROVE MY LEAVE REQUEST WHEN FREE. exam rescheduled to tomorrow morning, please confirm Regards",promo@shop.com,Medium
production server is down,"Hey, Interview scheduled tomorrow, confirm now!.",boss@corp.com,High
thanks for subscribing to our updates,"Good morning, URGENT!!! limited-time offer, act now.  Best",promo@shop.com,Low
following up on the earlier question about the bud,"Hey, can you share the project update this week.",manager@corp.com,Medium
production server is down,"Hey, client escalation: contract at risk, call me immediately.  Regards",hr.dept@corp.com,Medium
weekly newsletter: top 10 tech stories,weekly newsletter: top 10 tech stories.  Cheers,team@corp.com,Low
thanks for subscribing to our updates,"Hello team, someone started following you.  Regards",news@media.com,Low
webinar invitation: join our upcoming event,"Hello team, 50% off sale this weekend only.  Thank you",news@media.com,Low
overdue invoice,"Hey, critical bug reported by customer, needs a patch urgently.  Regards",hr.dept@corp.com,High
can you share the project update this week,"Hello team, Assignment guidelines updated, take a look.  Thanks",manager@corp.com,Medium
could you check the attached spreadsheet,"Good morning, following up on the earlier question about the budget. payment failed, action required today Best",colleague@corp.com,Medium
production server is down,"Hey, deadline is today, submit the report by 5 PM.",colleague@corp.com,High
photos from the office party,"Hello team, your monthly statement is available.  Thanks",offers@deals.com,Low
weekly newsletter: top 10 tech stories,"Hi, Last chance! sale ends today.  Regards",hr.dept@corp.com,Low
feedback requested on the draft proposal,"Hey, could you check the attached spreadsheet.  Best",manager@corp.com,Medium
cafeteria lunch menu for next week,weekly newsletter: top 10 tech stories.  Thanks,promo@shop.com,Low
could you check the attached spreadsheet,"Good morning, reminder: team sync on Thursday.  Thanks",hr.dept@corp.com,Medium
sharing the agenda for next week's workshop,"Good morning, can you share the project update this week.  Best",hr.dept@corp.com,Medium
interview scheduled tomorrow,"Hi, Critical bug reported by customer, needs a patch urgently!.  Best",boss@corp.com,High
please approve my leave request when free,"Hi, Could you check the attached spreadsheet.  Thank you",hr.dept@corp.com,Medium
can you share the project update this week,"Hi, Reminder: team sync on thursday.  Cheers",offers@deals.com,Low
50% off sale this weekend only,"Good morning, 50% off sale this weekend only.  Thank you",team@corp.com,Low
exam rescheduled to tomorrow morning,"Dear all, Board meeting moved to tonight, join now.  Cheers",hr.dept@corp.com,High
feedback requested on the draft proposal,"Dear all, reminder: team sync on Thursday. following up on the earlier question about the budget Best",hr.dept@corp.com,Medium
thanks for subscribing to our updates,Someone started following you.  Regards,offers@deals.com,Low
exam rescheduled to tomorrow morning,"client escalation: contract at risk, call me immediately.",bank.alerts@bank.com,High
critical bug reported by customer,"deadline is today, submit the report by 5 PM.  Cheers",hr.dept@corp.com,Low
sharing the agenda for next week's workshop,"Good morning, new task assigned to you in the tracker. board meeting moved to tonight, join now Thank you",hr.dept@corp.com,Medium
production server is down,"payment failed, action required today. you may like these recommended products Thank you",ceo.office@corp.com,High
webinar invitation: join our upcoming event,"Dear all, unsubscribe or manage your email preferences.",offers@deals.com,Low
payment failed,"Hi, critical bug reported by customer, needs a patch urgently.  Regards",offers@deals.com,Low
production server is down,"Hello team, payment failed, action required today.  Regards",hr.dept@corp.com,High
thanks for subscribing to our updates,"Hey, 50% off sale this weekend only.",promo@shop.com,Low
thanks for subscribing to our updates,"Hello team, Photos from the office party.",no-reply@social.com,Low
can you share the project update this week,"Dear all, following up on the earlier question about the budget.  Regards",manager@corp.com,Medium
exam rescheduled to tomorrow morning,"Hi, payment failed, action required today.  Thank you",boss@corp.com,High
following up on the earlier question about the bud,"Dear all, please approve my leave request when free.  Best",no-reply@social.com,Low
50% off sale this weekend only,"Hey, you may like these recommended products.",team@corp.com,Low
client escalation: contract at risk,"Hey, small thing but it needs sorting out before the deadline.  Cheers",ceo.office@corp.com,High
thanks for subscribing to our updates,"Hello team, ACTION REQUIRED: CLAIM YOUR FREE COUPON NOW.  Regards",offers@deals.com,Low
can you share the project update this week,could you check the attached spreadsheet.  Regards,colleague@corp.com,Medium
you may like these recommended products,"Hello team, Action required: claim your free coupon now. board meeting moved to tonight, join now",news@media.com,Low
someone started following you,"Hi, unsubscribe or manage your email preferences.  Thanks",hr.dept@corp.com,Medium
payment failed,"Hi, Overdue invoice, final notice before suspension.",hr.dept@corp.com,High
client escalation: contract at risk,"Hey, deadline is today, submit the report by 5 PM.  Cheers",news@media.com,Low
feedback requested on the draft proposal,"Good morning, Please approve my leave request when free.  Regards",prof@university.edu,Medium
payment failed,"Hey, SECURITY BREACH DETECTED, RESPOND IMMEDIATELY.  Best",no-reply@social.com,High
your monthly statement is available,"Hey, URGENT!!! limited-time offer, act now.",news@media.com,High
can you share the project update this week,"Hey, could you check the attached spreadsheet.  Cheers",no-reply@social.com,Low
feedback requested on the draft proposal,"Hey, Feedback requested on the draft proposal.  Cheers",prof@university.edu,Medium
board meeting moved to tonight,"security breach detected, respond immediately.",colleague@corp.com,High
board meeting moved to tonight,"Hey, quick note, when you get a moment, this is time sensitive.  Best",hr.dept@corp.com,High
unsubscribe or manage your email preferences,"Good morning, SOMEONE STARTED FOLLOWING YOU.  Best",colleague@corp.com,Low
cafeteria lunch menu for next week,"Good morning, Photos from the office party. you may like these recommended products Regards",team@corp.com,Low
feedback requested on the draft proposal,"Hi, could you check the attached spreadsheet. cafeteria lunch menu for next week Cheers",manager@corp.com,Medium
please review the meeting notes by Friday,"Hey, Sharing the agenda for next week's workshop!. someone started following you Cheers",prof@university.edu,Medium
50% off sale this weekend only,"Dear all, webinar invitation: join our upcoming event. deadline is today, submit the report by 5 PM Thank you",news@media.com,Low
your monthly statement is available,"Good morning, photos from the office party.  Thank you",bank.alerts@bank.com,Medium
assignment guidelines updated,"Dear all, please review the meeting notes by Friday. thanks for subscribing to our updates Cheers",colleague@corp.com,Medium
deadline is today,"Good morning, Overdue invoice, final notice before suspension.  Thank you",colleague@corp.com,High
reminder: team sync on Thursday,"Hello team, reminder: team sync on Thursday.  Regards",hr.dept@corp.com,Medium
reminder: team sync on Thursday,"Hey, CAN YOU SHARE THE PROJECT UPDATE THIS WEEK.  Thanks",hr.dept@corp.com,Medium
your monthly statement is available,"Hello team, unsubscribe or manage your email preferences.  Regards",colleague@corp.com,High
overdue invoice,"quick note, when you get a moment, this is time sensitive.  Regards",ceo.office@corp.com,High
feedback requested on the draft proposal,"Hi, feedback requested on the draft proposal.  Regards",colleague@corp.com,Medium
unsubscribe or manage your email preferences,"Good morning, cafeteria lunch menu for next week.  Best",team@corp.com,Low
someone started following you,thanks for subscribing to our updates.  Cheers,ceo.office@corp.com,High
thanks for subscribing to our updates,"Good morning, photos from the office party. deadline is today, submit the report by 5 PM Thank you",colleague@corp.com,Medium
critical bug reported by customer,"Dear all, exam rescheduled to tomorrow morning, please confirm.  Thank you",manager@corp.com,Medium
can you share the project update this week,"Hi, could you check the attached spreadsheet.  Best",hr.dept@corp.com,Medium
new task assigned to you in the tracker,"Hey, feedback requested on the draft proposal.  Thanks",colleague@corp.com,Medium
feedback requested on the draft proposal,"Hey, please review the meeting notes by Friday.  Thank you",manager@corp.com,Medium
webinar invitation: join our upcoming event,"Dear all, you may like these recommended products. someone started following you Thanks",team@corp.com,Medium
board meeting moved to tonight,"Hi, production server is down, need a fix ASAP.",team@corp.com,Low
critical bug reported by customer,"Hey, small thing but it needs sorting out before the deadline.  Cheers",hr.dept@corp.com,High
board meeting moved to tonight,"Good morning, board meeting moved to tonight, join now.  Best",bank.alerts@bank.com,High
assignment guidelines updated,"Hello team, please review the meeting notes by Friday.  Thanks",team@corp.com,Medium
sharing the agenda for next week's workshop,can you share the project update this week.  Cheers,team@corp.com,Medium
sharing the agenda for next week's workshop,"Dear all, sharing the agenda for next week's workshop.  Thank you",prof@university.edu,Medium
photos from the office party,Someone started following you!.,promo@shop.com,Medium
payment failed,"Dear all, security breach detected, respond immediately. following up on the earlier question about the budget Thanks",boss@corp.com,High
thanks for subscribing to our updates,"Dear all, you may like these recommended products.  Cheers",news@media.com,Low
cafeteria lunch menu for next week,unsubscribe or manage your email preferences.  Regards,team@corp.com,Low
someone started following you,"Hey, Action required: claim your free coupon now.  Thanks",prof@university.edu,Low
sharing the agenda for next week's workshop,"Hello team, can you share the project update this week.  Best",hr.dept@corp.com,Medium
exam rescheduled to tomorrow morning,"Hello team, small thing but it needs sorting out before the deadline.",client.rep@acme.com,High
unsubscribe or manage your email preferences,"Dear all, photos from the office party.  Thanks",hr.dept@corp.com,High
thanks for subscribing to our updates,"Hey, 50% off sale this weekend only.  Thanks",news@media.com,Low
production server is down,"Hi, board meeting moved to tonight, join now.  Thanks",client.rep@acme.com,High
new task assigned to you in the tracker,"Hi, can you share the project update this week.  Thanks",team@corp.com,Medium
reminder: team sync on Thursday,Feedback requested on the draft proposal.  Best,colleague@corp.com,Medium
weekly newsletter: top 10 tech stories,"Good morning, Last chance! sale ends today.  Regards",no-reply@social.com,Low
client escalation: contract at risk,"Dear all, quick note, when you get a moment, this is time sensitive.  Thanks",colleague@corp.com,High
security breach detected,"critical bug reported by customer, needs a patch urgently.  Thank you",colleague@corp.com,High
overdue invoice,"Hello team, Exam rescheduled to tomorrow morning, please confirm. could you check the attached spreadsheet Cheers",news@media.com,High
security breach detected,"Dear all, Exam rescheduled to tomorrow morning, please confirm.  Thanks",client.rep@acme.com,High
50% off sale this weekend only,"Good morning, cafeteria lunch menu for next week.  Cheers",no-reply@social.com,Low
your monthly statement is available,"Dear all, Someone started following you. photos from the office party Cheers",team@corp.com,Low
following up on the earlier question about the bud,Following up on the earlier question about the budget.  Thanks,no-reply@social.com,Medium
production server is down,"Hello team, CRITICAL BUG REPORTED BY CUSTOMER, NEEDS A PATCH URGENTLY.  Regards",boss@corp.com,High
50% off sale this weekend only,"Dear all, someone started following you.  Thanks",promo@shop.com,Low
could you check the attached spreadsheet,could you check the attached spreadsheet. please review the meeting notes by Friday Cheers,hr.dept@corp.com,Medium
new task assigned to you in the tracker,"Hi, assignment guidelines updated, take a look. can you share the project update this week Best",prof@university.edu,Medium
exam rescheduled to tomorrow morning,"Dear all, security breach detected, respond immediately. new task assigned to you in the tracker Thanks",hr.dept@corp.com,High
weekly newsletter: top 10 tech stories,"Good morning, Action required: claim your free coupon now.",offers@deals.com,Low
photos from the office party,"Dear all, Weekly newsletter: top 10 tech stories.",promo@shop.com,Low
following up on the earlier question about the bud,"Hi, new task assigned to you in the tracker.  Cheers",team@corp.com,Medium
can you share the project update this week,"Hey, sharing the agenda for next week's workshop.  Thanks",manager@corp.com,Medium
exam rescheduled to tomorrow morning,"Hey, board meeting moved to tonight, join now. could you check the attached spreadsheet Cheers",client.rep@acme.com,High
weekly newsletter: top 10 tech stories,"Good morning, unsubscribe or manage your email preferences.  Cheers",offers@deals.com,Medium
thanks for subscribing to our updates,"Hey, 50% off sale this weekend only.  Thank you",no-reply@social.com,Low
photos from the office party,Webinar invitation: join our upcoming event.  Thank you,news@media.com,Low
security breach detected,"Hi, exam rescheduled to tomorrow morning, please confirm.  Thanks",hr.dept@corp.com,High
interview scheduled tomorrow,"Hi, Exam rescheduled to tomorrow morning, please confirm!.  Thanks",boss@corp.com,High
can you share the project update this week,"Good morning, can you share the project update this week.",manager@corp.com,Medium
sharing the agenda for next week's workshop,"Hey, sharing the agenda for next week's workshop.  Best",ceo.office@corp.com,Medium
client escalation: contract at risk,"Hey, quick note, when you get a moment, this is time sensitive. following up on the earlier question about the budget",colleague@corp.com,High
payment failed,"Good morning, board meeting moved to tonight, join now.  Regards",news@media.com,Low
reminder: team sync on Thursday,"Good morning, new task assigned to you in the tracker.  Cheers",colleague@corp.com,Medium
your monthly statement is available,you may like these recommended products.  Cheers,team@corp.com,High
client escalation: contract at risk,"Hello team, critical bug reported by customer, needs a patch urgently. sharing the agenda for next week's workshop Regards",bank.alerts@bank.com,High
your monthly statement is available,"Hi, Action required: claim your free coupon now.  Cheers",team@corp.com,Low
board meeting moved to tonight,"Dear all, interview scheduled tomorrow, confirm now.  Best",ceo.office@corp.com,High
50% off sale this weekend only,"Hello team, you may like these recommended products.  Thank you",no-reply@social.com,Low
interview scheduled tomorrow,"Hey, security breach detected, respond immediately. client escalation: contract at risk, call me immediately Regards",boss@corp.com,High
please approve my leave request when free,"Hey, Sharing the agenda for next week's workshop.  Thanks",hr.dept@corp.com,Medium
overdue invoice,"Hey, board meeting moved to tonight, join now.  Thank you",client.rep@acme.com,High
webinar invitation: join our upcoming event,"Hello team, webinar invitation: join our upcoming event. 50% off sale this weekend only Thank you",manager@corp.com,High
cafeteria lunch menu for next week,"Hey, Action required: claim your free coupon now.  Thank you",offers@deals.com,Low
critical bug reported by customer,"board meeting moved to tonight, join now.  Cheers",ceo.office@corp.com,High
client escalation: contract at risk,"Hey, SECURITY BREACH DETECTED, RESPOND IMMEDIATELY.",bank.alerts@bank.com,High
your monthly statement is available,"Dear all, weekly newsletter: top 10 tech stories.  Cheers",team@corp.com,Low
could you check the attached spreadsheet,"ASSIGNMENT GUIDELINES UPDATED, TAKE A LOOK.  Best",team@corp.com,Medium
can you share the project update this week,"Hi, could you check the attached spreadsheet. weekly newsletter: top 10 tech stories Best",prof@university.edu,Medium
cafeteria lunch menu for next week,"Hello team, YOU MAY LIKE THESE RECOMMENDED PRODUCTS.  Best",team@corp.com,Low
new task assigned to you in the tracker,sharing the agenda for next week's workshop.  Best,prof@university.edu,High
client escalation: contract at risk,"Good morning, client escalation: contract at risk, call me immediately.  Cheers",bank.alerts@bank.com,High
could you check the attached spreadsheet,"Dear all, can you share the project update this week.  Regards",colleague@corp.com,Medium
photos from the office party,"Hey, URGENT!!! limited-time offer, act now.  Thanks",client.rep@acme.com,Low
someone started following you,"Hi, your monthly statement is available.  Regards",client.rep@acme.com,Low
reminder: team sync on Thursday,"Hello team, feedback requested on the draft proposal.  Thanks",promo@shop.com,Medium
payment failed,"Dear all, overdue invoice, final notice before suspension. reminder: team sync on Thursday Cheers",boss@corp.com,High
weekly newsletter: top 10 tech stories,"Hi, You may like these recommended products.  Cheers",offers@deals.com,Low
please review the meeting notes by Friday,COULD YOU CHECK THE ATTACHED SPREADSHEET.  Thanks,manager@corp.com,Medium
photos from the office party,photos from the office party. photos from the office party Best,promo@shop.com,Low
weekly newsletter: top 10 tech stories,Webinar invitation: join our upcoming event.  Best,no-reply@social.com,Low
security breach detected,"Hi, overdue invoice, final notice before suspension.  Regards",team@corp.com,High
reminder: team sync on Thursday,"Good morning, Sharing the agenda for next week's workshop.  Cheers",team@corp.com,Medium
security breach detected,"Hi, production server is down, need a fix ASAP. could you check the attached spreadsheet Regards",ceo.office@corp.com,High
overdue invoice,"Good morning, Payment failed, action required today.  Regards",boss@corp.com,High
cafeteria lunch menu for next week,"Hello team, 50% off sale this weekend only. assignment guidelines updated, take a look Regards",bank.alerts@bank.com,High
board meeting moved to tonight,"Dear all, interview scheduled tomorrow, confirm now.  Best",colleague@corp.com,Medium
payment failed,"Hello team, Production server is down, need a fix asap. you may like these recommended products Cheers",hr.dept@corp.com,High
can you share the project update this week,"Good morning, Assignment guidelines updated, take a look!.  Thanks",prof@university.edu,Medium
client escalation: contract at risk,"Hey, overdue invoice, final notice before suspension. photos from the office party",prof@university.edu,High
thanks for subscribing to our updates,"Hey, cafeteria lunch menu for next week.  Regards",colleague@corp.com,High
you may like these recommended products,"Hi, small thing but it needs sorting out before the deadline. your monthly statement is available Thanks",client.rep@acme.com,High
photos from the office party,"Dear all, unsubscribe or manage your email preferences.  Thank you",news@media.com,Low
overdue invoice,"Hey, payment failed, action required today. your monthly statement is available Thanks",client.rep@acme.com,High
sharing the agenda for next week's workshop,New task assigned to you in the tracker.  Best,prof@university.edu,Medium
can you share the project update this week,"Hey, could you check the attached spreadsheet.  Thank you",prof@university.edu,Medium
someone started following you,"Hi, Someone started following you!.  Thank you",colleague@corp.com,Low
assignment guidelines updated,"Hi, Could you check the attached spreadsheet. critical bug reported by customer, needs a patch urgently Thank you",manager@corp.com,Medium
webinar invitation: join our upcoming event,"Dear all, Last chance! sale ends today.  Best",offers@deals.com,Low
security breach detected,"Hey, Security breach detected, respond immediately.",boss@corp.com,High
cafeteria lunch menu for next week,"Hello team, you may like these recommended products. webinar invitation: join our upcoming event Regards",news@media.com,High
critical bug reported by customer,"Hi, Last chance! sale ends today.  Best",team@corp.com,Low
payment failed,"Hi, overdue invoice, final notice before suspension.  Thank you",colleague@corp.com,High
feedback requested on the draft proposal,"Hello team, Assignment guidelines updated, take a look.  Cheers",manager@corp.com,Medium
interview scheduled tomorrow,"Hey, critical bug reported by customer, needs a patch urgently.  Thank you",client.rep@acme.com,High
critical bug reported by customer,"Good morning, critical bug reported by customer, needs a patch urgently.",ceo.office@corp.com,High
please approve my leave request when free,"Dear all, assignment guidelines updated, take a look.  Cheers",colleague@corp.com,Medium
you may like these recommended products,"Hey, thanks for subscribing to our updates.  Thank you",offers@deals.com,Low
client escalation: contract at risk,"Hi, client escalation: contract at risk, call me immediately. client escalation: contract at risk, call me immediately Cheers",ceo.office@corp.com,High
please review the meeting notes by Friday,"Hey, new task assigned to you in the tracker.  Cheers",client.rep@acme.com,Medium
weekly newsletter: top 10 tech stories,Action required: claim your free coupon now.  Thank you,team@corp.com,Low
please review the meeting notes by Friday,"Hello team, feedback requested on the draft proposal.",colleague@corp.com,Medium
can you share the project update this week,"Hello team, Sharing the agenda for next week's workshop.  Thank you",bank.alerts@bank.com,High
your monthly statement is available,WEBINAR INVITATION: JOIN OUR UPCOMING EVENT.  Regards,no-reply@social.com,Low
deadline is today,"Dear all, interview scheduled tomorrow, confirm now.  Thanks",bank.alerts@bank.com,High
interview scheduled tomorrow,"Hi, Exam rescheduled to tomorrow morning, please confirm.  Best",bank.alerts@bank.com,High
deadline is today,"Hi, Small thing but it needs sorting out before the deadline.  Best",ceo.office@corp.com,High
board meeting moved to tonight,"Good morning, critical bug reported by customer, needs a patch urgently. interview scheduled tomorrow, confirm now Thanks",ceo.office@corp.com,High
your monthly statement is available,"Hey, Last chance! sale ends today. photos from the office party Cheers",no-reply@social.com,Low
interview scheduled tomorrow,"Dear all, overdue invoice, final notice before suspension.  Best",colleague@corp.com,High
unsubscribe or manage your email preferences,"Hey, Webinar invitation: join our upcoming event.  Regards",ceo.office@corp.com,Low
you may like these recommended products,"Good morning, Action required: claim your free coupon now. you may like these recommended products Thank you",team@corp.com,Low
exam rescheduled to tomorrow morning,"Hello team, overdue invoice, final notice before suspension.  Cheers",prof@university.edu,High
webinar invitation: join our upcoming event,unsubscribe or manage your email preferences.  Thank you,news@media.com,Low
payment failed,"Payment failed, action required today. assignment guidelines updated, take a look",bank.alerts@bank.com,High
assignment guidelines updated,"Good morning, new task assigned to you in the tracker.  Thank you",boss@corp.com,Medium
webinar invitation: join our upcoming event,thanks for subscribing to our updates.  Regards,hr.dept@corp.com,Medium
interview scheduled tomorrow,"Hey, Small thing but it needs sorting out before the deadline. interview scheduled tomorrow, confirm now Thank you",bank.alerts@bank.com,High
following up on the earlier question about the bud,"Good morning, please approve my leave request when free.  Best",colleague@corp.com,Medium
feedback requested on the draft proposal,"Hi, can you share the project update this week. client escalation: contract at risk, call me immediately Best",colleague@corp.com,Medium
please approve my leave request when free,"Dear all, following up on the earlier question about the budget.  Thanks",colleague@corp.com,Medium
someone started following you,"Good morning, PHOTOS FROM THE OFFICE PARTY. photos from the office party Thank you",promo@shop.com,Low
unsubscribe or manage your email preferences,"Hi, URGENT!!! limited-time offer, act now.  Thanks",no-reply@social.com,Low
exam rescheduled to tomorrow morning,"Good morning, production server is down, need a fix ASAP.  Regards",bank.alerts@bank.com,High
photos from the office party,"Dear all, YOU MAY LIKE THESE RECOMMENDED PRODUCTS.  Cheers",team@corp.com,Low
your monthly statement is available,"Hey, Weekly newsletter: top 10 tech stories.  Cheers",promo@shop.com,Low
photos from the office party,"Hi, Unsubscribe or manage your email preferences.  Cheers",promo@shop.com,Low
weekly newsletter: top 10 tech stories,"Good morning, CAFETERIA LUNCH MENU FOR NEXT WEEK. unsubscribe or manage your email preferences Cheers",colleague@corp.com,Medium
you may like these recommended products,Action required: claim your free coupon now.  Cheers,team@corp.com,Low
you may like these recommended products,50% off sale this weekend only!.  Thanks,hr.dept@corp.com,High
can you share the project update this week,"Hi, quick note, when you get a moment, this is time sensitive.  Thank you",colleague@corp.com,High
assignment guidelines updated,"Dear all, could you check the attached spreadsheet. overdue invoice, final notice before suspension Thanks",prof@university.edu,Medium
your monthly statement is available,"Hello team, photos from the office party.  Regards",news@media.com,Low
can you share the project update this week,please review the meeting notes by Friday.  Thank you,hr.dept@corp.com,Medium
weekly newsletter: top 10 tech stories,"Hello team, 50% off sale this weekend only.  Best",news@media.com,Low
feedback requested on the draft proposal,"Hi, new task assigned to you in the tracker.  Best",prof@university.edu,Medium
weekly newsletter: top 10 tech stories,"Dear all, you may like these recommended products. new task assigned to you in the tracker Regards",prof@university.edu,Low
please approve my leave request when free,Feedback requested on the draft proposal.  Thank you,colleague@corp.com,Medium
someone started following you,"Hi, weekly newsletter: top 10 tech stories.",promo@shop.com,Low
production server is down,"deadline is today, submit the report by 5 PM. webinar invitation: join our upcoming event Regards",boss@corp.com,High
sharing the agenda for next week's workshop,"Dear all, feedback requested on the draft proposal.  Thank you",prof@university.edu,Medium
assignment guidelines updated,"Hey, please approve my leave request when free.  Cheers",team@corp.com,Medium
client escalation: contract at risk,"Good morning, small thing but it needs sorting out before the deadline.",client.rep@acme.com,High
feedback requested on the draft proposal,"Hello team, Assignment guidelines updated, take a look!.  Best",prof@university.edu,Medium
50% off sale this weekend only,"Dear all, 50% off sale this weekend only.  Regards",team@corp.com,Medium
following up on the earlier question about the bud,"Good morning, following up on the earlier question about the budget.  Thank you",team@corp.com,Low
overdue invoice,"Good morning, critical bug reported by customer, needs a patch urgently.  Cheers",hr.dept@corp.com,High
50% off sale this weekend only,"Hi, photos from the office party.  Thank you",news@media.com,Low
exam rescheduled to tomorrow morning,"Dear all, exam rescheduled to tomorrow morning, please confirm.",bank.alerts@bank.com,High
you may like these recommended products,"Hey, 50% off sale this weekend only.",prof@university.edu,Medium
webinar invitation: join our upcoming event,"Hey, 50% off sale this weekend only.  Best",hr.dept@corp.com,Medium
someone started following you,"Hello team, photos from the office party.",team@corp.com,Low
assignment guidelines updated,"Hello team, ASSIGNMENT GUIDELINES UPDATED, TAKE A LOOK.  Thanks",team@corp.com,Medium
please approve my leave request when free,"Hello team, small thing but it needs sorting out before the deadline.  Thanks",ceo.office@corp.com,High
production server is down,"Dear all, quick note, when you get a moment, this is time sensitive. payment failed, action required today Best",colleague@corp.com,High
can you share the project update this week,"Good morning, please approve my leave request when free.  Best",bank.alerts@bank.com,Medium
photos from the office party,"Hey, SOMEONE STARTED FOLLOWING YOU.  Cheers",offers@deals.com,Low
sharing the agenda for next week's workshop,"Good morning, feedback requested on the draft proposal. thanks for subscribing to our updates Thank you",team@corp.com,Medium
reminder: team sync on Thursday,"Good morning, can you share the project update this week. could you check the attached spreadsheet",colleague@corp.com,Medium
critical bug reported by customer,"Hi, Client escalation: contract at risk, call me immediately. sharing the agenda for next week's workshop Best",boss@corp.com,High
thanks for subscribing to our updates,"Hey, unsubscribe or manage your email preferences.  Thank you",no-reply@social.com,Low
please review the meeting notes by Friday,"Hey, can you share the project update this week.  Regards",offers@deals.com,Medium
you may like these recommended products,"Hello team, 50% off sale this weekend only.  Thank you",colleague@corp.com,High
your monthly statement is available,"Dear all, photos from the office party. security breach detected, respond immediately Thanks",no-reply@social.com,Low
could you check the attached spreadsheet,"Dear all, Feedback requested on the draft proposal!.  Thanks",promo@shop.com,Low
reminder: team sync on Thursday,"Hey, Feedback requested on the draft proposal.  Regards",colleague@corp.com,Medium
following up on the earlier question about the bud,"Dear all, new task assigned to you in the tracker. unsubscribe or manage your email preferences Thanks",hr.dept@corp.com,Medium
board meeting moved to tonight,"Good morning, board meeting moved to tonight, join now. interview scheduled tomorrow, confirm now",hr.dept@corp.com,High
exam rescheduled to tomorrow morning,"Hey, SECURITY BREACH DETECTED, RESPOND IMMEDIATELY.  Cheers",ceo.office@corp.com,High
exam rescheduled to tomorrow morning,"Good morning, deadline is today, submit the report by 5 PM.  Best",hr.dept@corp.com,Medium
please review the meeting notes by Friday,"Hello team, assignment guidelines updated, take a look.  Thank you",hr.dept@corp.com,Medium
assignment guidelines updated,"Hello team, feedback requested on the draft proposal.  Best",manager@corp.com,Medium
security breach detected,"critical bug reported by customer, needs a patch urgently. please approve my leave request when free",ceo.office@corp.com,High
payment failed,"Hi, security breach detected, respond immediately.",boss@corp.com,High
assignment guidelines updated,"Hi, following up on the earlier question about the budget.  Cheers",bank.alerts@bank.com,Medium
critical bug reported by customer,"Hello team, EXAM RESCHEDULED TO TOMORROW MORNING, PLEASE CONFIRM. following up on the earlier question about the budget Thank you",hr.dept@corp.com,High
following up on the earlier question about the bud,"Hello team, could you check the attached spreadsheet.  Thank you",team@corp.com,High
please review the meeting notes by Friday,"Dear all, can you share the project update this week. critical bug reported by customer, needs a patch urgently Thanks",manager@corp.com,Medium
photos from the office party,Someone started following you.,team@corp.com,Low
production server is down,"Good morning, security breach detected, respond immediately.",boss@corp.com,Medium
payment failed,"Dear all, exam rescheduled to tomorrow morning, please confirm.  Best",bank.alerts@bank.com,High
weekly newsletter: top 10 tech stories,"Hi, 50% off sale this weekend only.  Best",promo@shop.com,Low
you may like these recommended products,weekly newsletter: top 10 tech stories.  Best,boss@corp.com,Low
exam rescheduled to tomorrow morning,"Dear all, BOARD MEETING MOVED TO TONIGHT, JOIN NOW.  Thank you",hr.dept@corp.com,High
sharing the agenda for next week's workshop,"Good morning, please approve my leave request when free.  Best",team@corp.com,Low
photos from the office party,"Hi, webinar invitation: join our upcoming event.",boss@corp.com,High
you may like these recommended products,"Hello team, unsubscribe or manage your email preferences.",team@corp.com,Low
weekly newsletter: top 10 tech stories,"Hello team, Last chance! sale ends today.",offers@deals.com,Low
feedback requested on the draft proposal,"Dear all, new task assigned to you in the tracker.  Regards",no-reply@social.com,Medium
board meeting moved to tonight,"Hey, client escalation: contract at risk, call me immediately.  Regards",hr.dept@corp.com,High
please review the meeting notes by Friday,"Hello team, Could you check the attached spreadsheet.  Regards",prof@university.edu,Medium
50% off sale this weekend only,weekly newsletter: top 10 tech stories.  Regards,no-reply@social.com,Low
overdue invoice,"deadline is today, submit the report by 5 PM.  Best",team@corp.com,High
you may like these recommended products,"Hey, you may like these recommended products.  Thanks",colleague@corp.com,Low
board meeting moved to tonight,"Good morning, Board meeting moved to tonight, join now.",colleague@corp.com,High
50% off sale this weekend only,"Hi, webinar invitation: join our upcoming event.  Cheers",hr.dept@corp.com,Low
board meeting moved to tonight,"Hey, payment failed, action required today.  Regards",team@corp.com,High
unsubscribe or manage your email preferences,"Hi, unsubscribe or manage your email preferences. feedback requested on the draft proposal Best",team@corp.com,Low
weekly newsletter: top 10 tech stories,"Hello team, Weekly newsletter: top 10 tech stories!.  Cheers",no-reply@social.com,Low
cafeteria lunch menu for next week,"Urgent!!! limited-time offer, act now!.  Best",team@corp.com,Low
overdue invoice,"Dear all, quick note, when you get a moment, this is time sensitive.  Regards",colleague@corp.com,High
thanks for subscribing to our updates,PHOTOS FROM THE OFFICE PARTY.  Thanks,prof@university.edu,Medium
reminder: team sync on Thursday,"Hello team, CAN YOU SHARE THE PROJECT UPDATE THIS WEEK.",prof@university.edu,Medium
thanks for subscribing to our updates,"Good morning, thanks for subscribing to our updates.  Thank you",team@corp.com,High
security breach detected,"Dear all, Board meeting moved to tonight, join now. weekly newsletter: top 10 tech stories Thank you",team@corp.com,High
sharing the agenda for next week's workshop,"Hello team, following up on the earlier question about the budget. feedback requested on the draft proposal Cheers",prof@university.edu,Medium
critical bug reported by customer,"Dear all, board meeting moved to tonight, join now.",colleague@corp.com,High
someone started following you,"Good morning, Webinar invitation: join our upcoming event.  Thank you",offers@deals.com,Low
your monthly statement is available,"Hello team, Last chance! sale ends today. deadline is today, submit the report by 5 PM Thank you",news@media.com,Low
assignment guidelines updated,"Hi, assignment guidelines updated, take a look.  Regards",colleague@corp.com,Medium
could you check the attached spreadsheet,"Good morning, ASSIGNMENT GUIDELINES UPDATED, TAKE A LOOK.  Cheers",colleague@corp.com,Medium
webinar invitation: join our upcoming event,"Hello team, you may like these recommended products. exam rescheduled to tomorrow morning, please confirm Thank you",no-reply@social.com,Low
deadline is today,"Hello team, Production server is down, need a fix asap.",ceo.office@corp.com,High
feedback requested on the draft proposal,"Hi, Please review the meeting notes by friday.  Regards",manager@corp.com,Medium
production server is down,"Hey, payment failed, action required today.  Thank you",boss@corp.com,Low
feedback requested on the draft proposal,"Hi, could you check the attached spreadsheet.  Cheers",prof@university.edu,Medium
critical bug reported by customer,"Dear all, OVERDUE INVOICE, FINAL NOTICE BEFORE SUSPENSION.  Best",colleague@corp.com,Low
thanks for subscribing to our updates,50% off sale this weekend only. reminder: team sync on Thursday Best,boss@corp.com,Low
reminder: team sync on Thursday,"Hi, can you share the project update this week.  Cheers",colleague@corp.com,Medium
following up on the earlier question about the bud,"Dear all, New task assigned to you in the tracker.  Thanks",bank.alerts@bank.com,Medium
new task assigned to you in the tracker,"Hello team, COULD YOU CHECK THE ATTACHED SPREADSHEET.  Thank you",hr.dept@corp.com,Medium
board meeting moved to tonight,"Hello team, interview scheduled tomorrow, confirm now.  Thanks",hr.dept@corp.com,High
someone started following you,"Hey, photos from the office party. cafeteria lunch menu for next week Cheers",no-reply@social.com,Low
photos from the office party,"Hello team, 50% off sale this weekend only.  Thank you",team@corp.com,Low
sharing the agenda for next week's workshop,"Hey, new task assigned to you in the tracker.  Cheers",manager@corp.com,Low
weekly newsletter: top 10 tech stories,"Dear all, photos from the office party.  Thank you",boss@corp.com,Low
sharing the agenda for next week's workshop,can you share the project update this week.  Cheers,colleague@corp.com,Medium
thanks for subscribing to our updates,"Hey, Cafeteria lunch menu for next week.",offers@deals.com,Low
production server is down,"Good morning, deadline is today, submit the report by 5 PM.  Best",hr.dept@corp.com,High
photos from the office party,"Hey, Thanks for subscribing to our updates!.",news@media.com,Low
new task assigned to you in the tracker,"please review the meeting notes by Friday. client escalation: contract at risk, call me immediately Cheers",colleague@corp.com,Medium
thanks for subscribing to our updates,"Hi, 50% off sale this weekend only.  Regards",news@media.com,Low
can you share the project update this week,"Dear all, CAN YOU SHARE THE PROJECT UPDATE THIS WEEK.  Regards",manager@corp.com,Medium
feedback requested on the draft proposal,"Dear all, feedback requested on the draft proposal.  Thank you",team@corp.com,Medium
50% off sale this weekend only,Someone started following you!.,offers@deals.com,Low
someone started following you,"Good morning, 50% off sale this weekend only.  Cheers",boss@corp.com,Low
please review the meeting notes by Friday,"Hello team, feedback requested on the draft proposal.  Thanks",team@corp.com,Medium
unsubscribe or manage your email preferences,"Hello team, your monthly statement is available.  Thank you",no-reply@social.com,High
50% off sale this weekend only,"Hello team, weekly newsletter: top 10 tech stories.  Best",team@corp.com,Low
client escalation: contract at risk,"Hi, security breach detected, respond immediately. new task assigned to you in the tracker Best",hr.dept@corp.com,High
deadline is today,"Hey, deadline is today, submit the report by 5 PM.",ceo.office@corp.com,High
can you share the project update this week,"Hey, feedback requested on the draft proposal.  Thank you",news@media.com,Low
payment failed,"Good morning, deadline is today, submit the report by 5 PM.  Cheers",hr.dept@corp.com,High
sharing the agenda for next week's workshop,"Dear all, PLEASE APPROVE MY LEAVE REQUEST WHEN FREE.  Cheers",hr.dept@corp.com,Medium
weekly newsletter: top 10 tech stories,"Good morning, you may like these recommended products.  Best",hr.dept@corp.com,High
deadline is today,"Hi, Deadline is today, submit the report by 5 pm!.  Thank you",ceo.office@corp.com,High
new task assigned to you in the tracker,"Hello team, Reminder: team sync on thursday. security breach detected, respond immediately Cheers",boss@corp.com,Medium
sharing the agenda for next week's workshop,"Dear all, can you share the project update this week.  Thanks",team@corp.com,Medium
you may like these recommended products,"Dear all, cafeteria lunch menu for next week.",news@media.com,Low
weekly newsletter: top 10 tech stories,"Hey, 50% off sale this weekend only.  Cheers",hr.dept@corp.com,Low
following up on the earlier question about the bud,"Hello team, sharing the agenda for next week's workshop.  Cheers",prof@university.edu,Medium
can you share the project update this week,"Hey, please approve my leave request when free.  Best",offers@deals.com,Low
50% off sale this weekend only,"Dear all, Last chance! sale ends today.  Thanks",promo@shop.com,Low
webinar invitation: join our upcoming event,"Dear all, someone started following you.",ceo.office@corp.com,Medium
please approve my leave request when free,"Good morning, Please approve my leave request when free.  Best",colleague@corp.com,Medium
overdue invoice,small thing but it needs sorting out before the deadline.  Regards,hr.dept@corp.com,High
you may like these recommended products,webinar invitation: join our upcoming event.  Best,client.rep@acme.com,Low
feedback requested on the draft proposal,"Dear all, sharing the agenda for next week's workshop.  Thank you",colleague@corp.com,Medium
security breach detected,"Security breach detected, respond immediately.  Thank you",team@corp.com,Low
someone started following you,"Hello team, Photos from the office party.  Regards",team@corp.com,Low
production server is down,"production server is down, need a fix ASAP.  Best",hr.dept@corp.com,High
please approve my leave request when free,"Dear all, reminder: team sync on Thursday.  Best",hr.dept@corp.com,Medium
assignment guidelines updated,could you check the attached spreadsheet. following up on the earlier question about the budget Best,hr.dept@corp.com,Medium
cafeteria lunch menu for next week,"Hello team, webinar invitation: join our upcoming event.  Thank you",offers@deals.com,Low
critical bug reported by customer,"Hello team, Security breach detected, respond immediately.  Cheers",boss@corp.com,High
critical bug reported by customer,"Hello team, critical bug reported by customer, needs a patch urgently.  Regards",client.rep@acme.com,High
please review the meeting notes by Friday,"Hi, reminder: team sync on Thursday.  Cheers",team@corp.com,Medium
client escalation: contract at risk,"SECURITY BREACH DETECTED, RESPOND IMMEDIATELY.  Best",client.rep@acme.com,High
exam rescheduled to tomorrow morning,"Critical bug reported by customer, needs a patch urgently.  Regards",client.rep@acme.com,High
feedback requested on the draft proposal,sharing the agenda for next week's workshop.  Thanks,team@corp.com,Medium
payment failed,"Hey, deadline is today, submit the report by 5 PM.  Regards",ceo.office@corp.com,High
cafeteria lunch menu for next week,"Hey, webinar invitation: join our upcoming event. your monthly statement is available Best",offers@deals.com,Low
new task assigned to you in the tracker,"Dear all, new task assigned to you in the tracker.",client.rep@acme.com,High
deadline is today,"Dear all, security breach detected, respond immediately. please review the meeting notes by Friday Thank you",hr.dept@corp.com,High
feedback requested on the draft proposal,"Dear all, Assignment guidelines updated, take a look!. reminder: team sync on Thursday Thanks",hr.dept@corp.com,Medium
please approve my leave request when free,"Dear all, new task assigned to you in the tracker.  Thanks",hr.dept@corp.com,Medium
production server is down,"Hello team, Security breach detected, respond immediately.  Best",ceo.office@corp.com,Medium
overdue invoice,"overdue invoice, final notice before suspension.  Thank you",boss@corp.com,High
assignment guidelines updated,"Dear all, feedback requested on the draft proposal. please approve my leave request when free Cheers",colleague@corp.com,Medium
someone started following you,"Dear all, Cafeteria lunch menu for next week.",offers@deals.com,Low
your monthly statement is available,"Good morning, webinar invitation: join our upcoming event. you may like these recommended products Thanks",no-reply@social.com,Low
payment failed,"Hey, small thing but it needs sorting out before the deadline.  Cheers",ceo.office@corp.com,High
security breach detected,"Dear all, exam rescheduled to tomorrow morning, please confirm.  Thank you",colleague@corp.com,High
50% off sale this weekend only,"Dear all, weekly newsletter: top 10 tech stories. you may like these recommended products Cheers",offers@deals.com,Low
sharing the agenda for next week's workshop,"Hello team, new task assigned to you in the tracker.  Cheers",manager@corp.com,Medium
following up on the earlier question about the bud,"Dear all, Can you share the project update this week!.  Best",team@corp.com,Medium
could you check the attached spreadsheet,please approve my leave request when free.  Regards,hr.dept@corp.com,Medium
cafeteria lunch menu for next week,50% off sale this weekend only.  Thank you,hr.dept@corp.com,High
following up on the earlier question about the bud,CAN YOU SHARE THE PROJECT UPDATE THIS WEEK.  Thank you,boss@corp.com,Medium
client escalation: contract at risk,"Hi, board meeting moved to tonight, join now.",boss@corp.com,High
client escalation: contract at risk,"Good morning, Critical bug reported by customer, needs a patch urgently.  Thanks",team@corp.com,Medium
feedback requested on the draft proposal,"Hello team, please review the meeting notes by Friday.  Regards",team@corp.com,Medium
your monthly statement is available,Thanks for subscribing to our updates!.  Best,promo@shop.com,Low
weekly newsletter: top 10 tech stories,"Dear all, cafeteria lunch menu for next week.  Thanks",team@corp.com,Low
interview scheduled tomorrow,"Hey, Interview scheduled tomorrow, confirm now.  Thanks",bank.alerts@bank.com,High
client escalation: contract at risk,"Good morning, payment failed, action required today.",colleague@corp.com,Low
client escalation: contract at risk,"Hey, small thing but it needs sorting out before the deadline.",ceo.office@corp.com,High
unsubscribe or manage your email preferences,"Hello team, Action required: claim your free coupon now. critical bug reported by customer, needs a patch urgently Regards",promo@shop.com,Low
could you check the attached spreadsheet,"Hey, new task assigned to you in the tracker.",team@corp.com,Medium
critical bug reported by customer,"Hey, deadline is today, submit the report by 5 PM.  Cheers",news@media.com,Low
sharing the agenda for next week's workshop,"Hi, Quick note, when you get a moment, this is time sensitive.  Cheers",promo@shop.com,High
reminder: team sync on Thursday,"Hey, Please approve my leave request when free. security breach detected, respond immediately Best",boss@corp.com,Medium
critical bug reported by customer,"Hey, exam rescheduled to tomorrow morning, please confirm. someone started following you Best",hr.dept@corp.com,High
50% off sale this weekend only,"Hi, unsubscribe or manage your email preferences. following up on the earlier question about the budget Regards",promo@shop.com,Low
please review the meeting notes by Friday,"Hi, New task assigned to you in the tracker.",colleague@corp.com,High
could you check the attached spreadsheet,"Hey, could you check the attached spreadsheet.",prof@university.edu,Medium
thanks for subscribing to our updates,your monthly statement is available.  Thanks,promo@shop.com,Low
photos from the office party,"Good morning, photos from the office party.  Best",news@media.com,Medium
overdue invoice,"Hi, CLIENT ESCALATION: CONTRACT AT RISK, CALL ME IMMEDIATELY. critical bug reported by customer, needs a patch urgently Thanks",colleague@corp.com,High
unsubscribe or manage your email preferences,"Good morning, you may like these recommended products.  Thanks",promo@shop.com,Low
sharing the agenda for next week's workshop,"Hello team, please review the meeting notes by Friday.  Best",team@corp.com,Medium
deadline is today,"Hello team, Last chance! sale ends today.  Regards",bank.alerts@bank.com,Low
please review the meeting notes by Friday,"Hi, sharing the agenda for next week's workshop. sharing the agenda for next week's workshop Thanks",boss@corp.com,Medium
you may like these recommended products,"Hey, quick note, when you get a moment, this is time sensitive.",ceo.office@corp.com,High
webinar invitation: join our upcoming event,"Hey, cafeteria lunch menu for next week.",team@corp.com,Low
interview scheduled tomorrow,"Dear all, overdue invoice, final notice before suspension.  Thank you",hr.dept@corp.com,High
unsubscribe or manage your email preferences,"Hello team, Action required: claim your free coupon now.",promo@shop.com,Low
your monthly statement is available,"Dear all, someone started following you.  Thanks",hr.dept@corp.com,High
exam rescheduled to tomorrow morning,"Dear all, Overdue invoice, final notice before suspension!.  Regards",client.rep@acme.com,High
interview scheduled tomorrow,"Dear all, small thing but it needs sorting out before the deadline. someone started following you Thanks",client.rep@acme.com,High
can you share the project update this week,"Hello team, could you check the attached spreadsheet. board meeting moved to tonight, join now",colleague@corp.com,Medium
webinar invitation: join our upcoming event,"Good morning, 50% off sale this weekend only.  Thanks",ceo.office@corp.com,High
thanks for subscribing to our updates,"Good morning, thanks for subscribing to our updates.  Cheers",no-reply@social.com,Low
your monthly statement is available,"Dear all, weekly newsletter: top 10 tech stories.  Thank you",news@media.com,Low
reminder: team sync on Thursday,"Hi, feedback requested on the draft proposal. client escalation: contract at risk, call me immediately",team@corp.com,Medium
overdue invoice,"Hey, production server is down, need a fix ASAP.  Thank you",boss@corp.com,High
cafeteria lunch menu for next week,"Hello team, Thanks for subscribing to our updates.  Thanks",promo@shop.com,Low
payment failed,"Hello team, interview scheduled tomorrow, confirm now.  Thanks",bank.alerts@bank.com,High
unsubscribe or manage your email preferences,"Hey, unsubscribe or manage your email preferences.  Best",news@media.com,Low
payment failed,"Dear all, Action required: claim your free coupon now. sharing the agenda for next week's workshop Thanks",news@media.com,Low
overdue invoice,"security breach detected, respond immediately. client escalation: contract at risk, call me immediately Cheers",colleague@corp.com,High
new task assigned to you in the tracker,"Hi, Action required: claim your free coupon now.  Regards",promo@shop.com,Low
new task assigned to you in the tracker,"Dear all, please review the meeting notes by Friday. could you check the attached spreadsheet Regards",manager@corp.com,Medium
could you check the attached spreadsheet,"Dear all, sharing the agenda for next week's workshop. security breach detected, respond immediately Thank you",boss@corp.com,Medium
client escalation: contract at risk,"EXAM RESCHEDULED TO TOMORROW MORNING, PLEASE CONFIRM.",colleague@corp.com,High
please approve my leave request when free,"Hello team, Following up on the earlier question about the budget. client escalation: contract at risk, call me immediately Regards",no-reply@social.com,Medium
you may like these recommended products,"Good morning, Thanks for subscribing to our updates. production server is down, need a fix ASAP",news@media.com,Low
following up on the earlier question about the bud,"Good morning, Following up on the earlier question about the budget.  Thank you",team@corp.com,Medium
thanks for subscribing to our updates,"Hello team, Last chance! sale ends today.  Regards",news@media.com,Low
you may like these recommended products,"Hello team, Weekly newsletter: top 10 tech stories. critical bug reported by customer, needs a patch urgently Thank you",no-reply@social.com,Low
can you share the project update this week,"Good morning, Please approve my leave request when free. could you check the attached spreadsheet Best",colleague@corp.com,Medium
photos from the office party,"Good morning, unsubscribe or manage your email preferences. thanks for subscribing to our updates Thank you",promo@shop.com,Low
critical bug reported by customer,"Good morning, security breach detected, respond immediately. deadline is today, submit the report by 5 PM Thanks",bank.alerts@bank.com,High
following up on the earlier question about the bud,"Good morning, assignment guidelines updated, take a look. 50% off sale this weekend only Thank you",manager@corp.com,Medium
50% off sale this weekend only,"Dear all, your monthly statement is available.  Cheers",no-reply@social.com,Low
reminder: team sync on Thursday,feedback requested on the draft proposal.  Regards,hr.dept@corp.com,Medium
critical bug reported by customer,"overdue invoice, final notice before suspension.  Thanks",hr.dept@corp.com,High
webinar invitation: join our upcoming event,"Good morning, unsubscribe or manage your email preferences.  Thanks",offers@deals.com,Low
reminder: team sync on Thursday,"Hello team, feedback requested on the draft proposal. deadline is today, submit the report by 5 PM Thank you",hr.dept@corp.com,Medium
assignment guidelines updated,"Hello team, sharing the agenda for next week's workshop.  Regards",team@corp.com,Medium
exam rescheduled to tomorrow morning,"Dear all, payment failed, action required today.",client.rep@acme.com,High
can you share the project update this week,"assignment guidelines updated, take a look.  Thanks",colleague@corp.com,Medium
following up on the earlier question about the bud,reminder: team sync on Thursday.  Thanks,colleague@corp.com,Medium
payment failed,"Good morning, overdue invoice, final notice before suspension. client escalation: contract at risk, call me immediately Thanks",team@corp.com,High
reminder: team sync on Thursday,"Hi, Reminder: team sync on thursday. feedback requested on the draft proposal Cheers",offers@deals.com,Low
photos from the office party,"Dear all, Last chance! sale ends today.  Cheers",hr.dept@corp.com,Low
board meeting moved to tonight,"Hi, exam rescheduled to tomorrow morning, please confirm.  Best",colleague@corp.com,High
please review the meeting notes by Friday,"Dear all, assignment guidelines updated, take a look. reminder: team sync on Thursday Cheers",prof@university.edu,High
board meeting moved to tonight,"Dear all, critical bug reported by customer, needs a patch urgently.  Thank you",boss@corp.com,High
thanks for subscribing to our updates,"Dear all, your monthly statement is available.  Thank you",team@corp.com,Low
50% off sale this weekend only,"50% off sale this weekend only. production server is down, need a fix ASAP Regards",team@corp.com,Low
following up on the earlier question about the bud,Please approve my leave request when free.  Thanks,colleague@corp.com,Medium
production server is down,"Overdue invoice, final notice before suspension!.  Cheers",prof@university.edu,Medium
could you check the attached spreadsheet,"Good morning, COULD YOU CHECK THE ATTACHED SPREADSHEET.  Thanks",colleague@corp.com,Medium
client escalation: contract at risk,"Dear all, deadline is today, submit the report by 5 PM.  Best",boss@corp.com,High
thanks for subscribing to our updates,"Good morning, your monthly statement is available. payment failed, action required today Best",hr.dept@corp.com,High
deadline is today,"board meeting moved to tonight, join now.  Thanks",bank.alerts@bank.com,High
could you check the attached spreadsheet,"Hi, following up on the earlier question about the budget.  Thanks",team@corp.com,Medium
someone started following you,50% off sale this weekend only.  Thank you,manager@corp.com,Low
security breach detected,"Dear all, deadline is today, submit the report by 5 PM. webinar invitation: join our upcoming event Cheers",news@media.com,Low
weekly newsletter: top 10 tech stories,"Hello team, weekly newsletter: top 10 tech stories.",team@corp.com,Low
security breach detected,"Hey, OVERDUE INVOICE, FINAL NOTICE BEFORE SUSPENSION.",no-reply@social.com,Low
interview scheduled tomorrow,"Hi, deadline is today, submit the report by 5 PM.",boss@corp.com,High
board meeting moved to tonight,"Hello team, exam rescheduled to tomorrow morning, please confirm.  Regards",hr.dept@corp.com,High
cafeteria lunch menu for next week,"Good morning, THANKS FOR SUBSCRIBING TO OUR UPDATES.  Cheers",news@media.com,Low
unsubscribe or manage your email preferences,"Hi, Quick note, when you get a moment, this is time sensitive.  Regards",bank.alerts@bank.com,High
thanks for subscribing to our updates,"Dear all, photos from the office party.  Best",news@media.com,Low
deadline is today,"Exam rescheduled to tomorrow morning, please confirm!.  Cheers",hr.dept@corp.com,High
overdue invoice,"Hi, client escalation: contract at risk, call me immediately. payment failed, action required today",offers@deals.com,Low
you may like these recommended products,"Good morning, someone started following you.  Best",news@media.com,Low
interview scheduled tomorrow,"Hi, deadline is today, submit the report by 5 PM.  Cheers",team@corp.com,High
someone started following you,"Hello team, 50% OFF SALE THIS WEEKEND ONLY.  Regards",no-reply@social.com,Low
reminder: team sync on Thursday,"Dear all, can you share the project update this week.",client.rep@acme.com,Medium
please approve my leave request when free,"assignment guidelines updated, take a look.",team@corp.com,Medium
photos from the office party,"Hey, Webinar invitation: join our upcoming event.",promo@shop.com,Low
board meeting moved to tonight,"EXAM RESCHEDULED TO TOMORROW MORNING, PLEASE CONFIRM.  Cheers",ceo.office@corp.com,High
unsubscribe or manage your email preferences,"Good morning, you may like these recommended products.  Regards",colleague@corp.com,High
new task assigned to you in the tracker,"Good morning, new task assigned to you in the tracker.  Regards",hr.dept@corp.com,Medium
unsubscribe or manage your email preferences,"Hello team, Webinar invitation: join our upcoming event!.  Best",no-reply@social.com,Low
deadline is today,"security breach detected, respond immediately.  Best",boss@corp.com,High
interview scheduled tomorrow,"Hey, Deadline is today, submit the report by 5 pm. your monthly statement is available",boss@corp.com,High
feedback requested on the draft proposal,"Hello team, sharing the agenda for next week's workshop.  Cheers",manager@corp.com,Medium
thanks for subscribing to our updates,"Hi, webinar invitation: join our upcoming event.  Best",offers@deals.com,Low
deadline is today,"Good morning, payment failed, action required today. exam rescheduled to tomorrow morning, please confirm Cheers",bank.alerts@bank.com,High
please review the meeting notes by Friday,"Hey, new task assigned to you in the tracker.",promo@shop.com,Medium
production server is down,"Hey, client escalation: contract at risk, call me immediately.  Regards",prof@university.edu,Medium
50% off sale this weekend only,"Dear all, Last chance! sale ends today. cafeteria lunch menu for next week Regards",news@media.com,Medium
could you check the attached spreadsheet,following up on the earlier question about the budget.  Cheers,prof@university.edu,Medium
assignment guidelines updated,"Hi, Can you share the project update this week!. following up on the earlier question about the budget Cheers",team@corp.com,Medium
board meeting moved to tonight,"Hey, payment failed, action required today.  Thank you",bank.alerts@bank.com,High
production server is down,"Good morning, payment failed, action required today.  Thanks",colleague@corp.com,High
new task assigned to you in the tracker,"Hi, could you check the attached spreadsheet. payment failed, action required today Regards",prof@university.edu,Medium
critical bug reported by customer,"client escalation: contract at risk, call me immediately.  Thank you",hr.dept@corp.com,High
sharing the agenda for next week's workshop,"Hey, please review the meeting notes by Friday.  Thanks",team@corp.com,Medium
you may like these recommended products,someone started following you.,colleague@corp.com,Medium
you may like these recommended products,"Good morning, you may like these recommended products.  Cheers",manager@corp.com,Medium
interview scheduled tomorrow,"Hi, Payment failed, action required today.  Regards",bank.alerts@bank.com,High
50% off sale this weekend only,"Good morning, weekly newsletter: top 10 tech stories.  Cheers",hr.dept@corp.com,Low
sharing the agenda for next week's workshop,"Hi, please approve my leave request when free.  Cheers",manager@corp.com,Medium
client escalation: contract at risk,"client escalation: contract at risk, call me immediately.  Cheers",manager@corp.com,High
critical bug reported by customer,"Hey, Deadline is today, submit the report by 5 pm!.",boss@corp.com,High
following up on the earlier question about the bud,"Hi, assignment guidelines updated, take a look.  Cheers",hr.dept@corp.com,Medium
security breach detected,"overdue invoice, final notice before suspension.  Thanks",bank.alerts@bank.com,High
following up on the earlier question about the bud,"Dear all, new task assigned to you in the tracker.  Cheers",manager@corp.com,Medium
client escalation: contract at risk,"Hello team, client escalation: contract at risk, call me immediately. security breach detected, respond immediately Cheers",manager@corp.com,Medium
unsubscribe or manage your email preferences,"Hey, 50% off sale this weekend only!. board meeting moved to tonight, join now",promo@shop.com,Low
following up on the earlier question about the bud,"Hey, following up on the earlier question about the budget.  Cheers",hr.dept@corp.com,Medium
following up on the earlier question about the bud,"Good morning, Assignment guidelines updated, take a look.  Cheers",client.rep@acme.com,Medium
exam rescheduled to tomorrow morning,"critical bug reported by customer, needs a patch urgently.",bank.alerts@bank.com,High
overdue invoice,"client escalation: contract at risk, call me immediately.  Best",client.rep@acme.com,High
board meeting moved to tonight,"Dear all, critical bug reported by customer, needs a patch urgently.  Cheers",team@corp.com,High
client escalation: contract at risk,"Hey, exam rescheduled to tomorrow morning, please confirm. weekly newsletter: top 10 tech stories Thank you",ceo.office@corp.com,High
could you check the attached spreadsheet,"Good morning, NEW TASK ASSIGNED TO YOU IN THE TRACKER. overdue invoice, final notice before suspension Regards",colleague@corp.com,Medium
your monthly statement is available,"Hi, Weekly newsletter: top 10 tech stories.  Thanks",manager@corp.com,Low
webinar invitation: join our upcoming event,"Dear all, weekly newsletter: top 10 tech stories.  Regards",team@corp.com,Low
overdue invoice,"Hi, exam rescheduled to tomorrow morning, please confirm.  Cheers",team@corp.com,High
can you share the project update this week,"Hello team, sharing the agenda for next week's workshop.  Thanks",prof@university.edu,Medium
interview scheduled tomorrow,"Hey, client escalation: contract at risk, call me immediately.  Thanks",ceo.office@corp.com,High
following up on the earlier question about the bud,"Dear all, could you check the attached spreadsheet.  Thank you",team@corp.com,Medium
photos from the office party,"Hey, weekly newsletter: top 10 tech stories.  Thanks",offers@deals.com,Medium
following up on the earlier question about the bud,"Good morning, please approve my leave request when free.  Thank you",manager@corp.com,Medium
photos from the office party,"Hey, Unsubscribe or manage your email preferences!. your monthly statement is available",team@corp.com,Low
50% off sale this weekend only,"Hello team, Thanks for subscribing to our updates.  Thanks",promo@shop.com,Low
thanks for subscribing to our updates,"Hello team, you may like these recommended products.  Thank you",offers@deals.com,Low
overdue invoice,"Good morning, board meeting moved to tonight, join now.  Best",hr.dept@corp.com,High
please approve my leave request when free,"Hi, following up on the earlier question about the budget.",prof@university.edu,Medium
unsubscribe or manage your email preferences,"Good morning, unsubscribe or manage your email preferences.  Cheers",news@media.com,Low
production server is down,"Hello team, board meeting moved to tonight, join now.  Regards",boss@corp.com,High
security breach detected,"Hello team, quick note, when you get a moment, this is time sensitive.",hr.dept@corp.com,High
please approve my leave request when free,"Hello team, following up on the earlier question about the budget.",boss@corp.com,High
client escalation: contract at risk,"Hey, deadline is today, submit the report by 5 PM.  Thanks",ceo.office@corp.com,High
webinar invitation: join our upcoming event,"Hey, thanks for subscribing to our updates.  Thanks",news@media.com,Low
exam rescheduled to tomorrow morning,"Hi, Security breach detected, respond immediately.  Best",ceo.office@corp.com,High
interview scheduled tomorrow,"Hi, board meeting moved to tonight, join now.  Thanks",team@corp.com,Low
photos from the office party,"Good morning, you may like these recommended products.  Thank you",news@media.com,Low
50% off sale this weekend only,"Hi, Weekly newsletter: top 10 tech stories!. security breach detected, respond immediately Cheers",offers@deals.com,Low
someone started following you,"Good morning, photos from the office party.  Regards",news@media.com,Low
production server is down,"Hey, CRITICAL BUG REPORTED BY CUSTOMER, NEEDS A PATCH URGENTLY. thanks for subscribing to our updates Cheers",hr.dept@corp.com,Medium
thanks for subscribing to our updates,"Dear all, 50% off sale this weekend only.  Thanks",team@corp.com,Low
overdue invoice,"Hey, exam rescheduled to tomorrow morning, please confirm.  Thanks",hr.dept@corp.com,High
weekly newsletter: top 10 tech stories,"Hey, Photos from the office party. assignment guidelines updated, take a look Cheers",news@media.com,Low
unsubscribe or manage your email preferences,"Hi, unsubscribe or manage your email preferences.  Regards",team@corp.com,Low
new task assigned to you in the tracker,"Hello team, please approve my leave request when free.  Thanks",hr.dept@corp.com,Medium
production server is down,"Hey, deadline is today, submit the report by 5 PM.",bank.alerts@bank.com,High
50% off sale this weekend only,photos from the office party.  Regards,promo@shop.com,Low
you may like these recommended products,"Hey, Webinar invitation: join our upcoming event!. please review the meeting notes by Friday Cheers",team@corp.com,Low
cafeteria lunch menu for next week,"Hi, Webinar invitation: join our upcoming event!.  Thanks",hr.dept@corp.com,Low
webinar invitation: join our upcoming event,"Hi, webinar invitation: join our upcoming event.  Regards",team@corp.com,High
you may like these recommended products,"Hello team, photos from the office party. deadline is today, submit the report by 5 PM Cheers",promo@shop.com,Low
photos from the office party,your monthly statement is available.  Cheers,prof@university.edu,Low
board meeting moved to tonight,"Hi, INTERVIEW SCHEDULED TOMORROW, CONFIRM NOW.  Thank you",bank.alerts@bank.com,High
thanks for subscribing to our updates,Last chance! sale ends today. can you share the project update this week Best,no-reply@social.com,Low
weekly newsletter: top 10 tech stories,"Good morning, WEEKLY NEWSLETTER: TOP 10 TECH STORIES.",team@corp.com,Medium
assignment guidelines updated,"Hi, Assignment guidelines updated, take a look!.  Best",colleague@corp.com,Medium
security breach detected,"Dear all, payment failed, action required today.  Cheers",client.rep@acme.com,High
someone started following you,50% off sale this weekend only.  Cheers,boss@corp.com,High
you may like these recommended products,"Hey, URGENT!!! limited-time offer, act now.  Cheers",colleague@corp.com,Low
unsubscribe or manage your email preferences,"Good morning, photos from the office party.  Best",no-reply@social.com,Low
could you check the attached spreadsheet,"Hi, New task assigned to you in the tracker.",team@corp.com,Medium
feedback requested on the draft proposal,"Good morning, PLEASE APPROVE MY LEAVE REQUEST WHEN FREE.  Thanks",hr.dept@corp.com,Medium
overdue invoice,Small thing but it needs sorting out before the deadline.  Thank you,hr.dept@corp.com,High
interview scheduled tomorrow,"Hi, OVERDUE INVOICE, FINAL NOTICE BEFORE SUSPENSION.  Thank you",team@corp.com,Low
someone started following you,"Hi, 50% OFF SALE THIS WEEKEND ONLY. assignment guidelines updated, take a look Thanks",team@corp.com,Low
weekly newsletter: top 10 tech stories,"Hello team, Webinar invitation: join our upcoming event.  Regards",offers@deals.com,Low
reminder: team sync on Thursday,"Good morning, please approve my leave request when free.  Cheers",hr.dept@corp.com,Medium
cafeteria lunch menu for next week,"URGENT!!! limited-time offer, act now.  Best",promo@shop.com,Low
security breach detected,"Hello team, interview scheduled tomorrow, confirm now.",ceo.office@corp.com,High
thanks for subscribing to our updates,"Dear all, YOUR MONTHLY STATEMENT IS AVAILABLE.  Thanks",offers@deals.com,Low
assignment guidelines updated,"Hello team, could you check the attached spreadsheet.  Cheers",manager@corp.com,Medium
production server is down,"Hey, Critical bug reported by customer, needs a patch urgently!.  Thank you",hr.dept@corp.com,High
someone started following you,"Hi, weekly newsletter: top 10 tech stories.  Regards",offers@deals.com,Low
please review the meeting notes by Friday,"Hey, assignment guidelines updated, take a look.  Best",prof@university.edu,Medium
critical bug reported by customer,"Hey, overdue invoice, final notice before suspension.  Regards",client.rep@acme.com,High
please review the meeting notes by Friday,"Dear all, reminder: team sync on Thursday.  Regards",offers@deals.com,Medium
client escalation: contract at risk,"Deadline is today, submit the report by 5 pm!.  Regards",client.rep@acme.com,High
weekly newsletter: top 10 tech stories,"Hey, Action required: claim your free coupon now.  Thanks",offers@deals.com,Low
following up on the earlier question about the bud,"Good morning, reminder: team sync on Thursday.  Cheers",promo@shop.com,Medium
could you check the attached spreadsheet,new task assigned to you in the tracker. can you share the project update this week Best,hr.dept@corp.com,Medium
weekly newsletter: top 10 tech stories,"Hello team, Thanks for subscribing to our updates!.",promo@shop.com,Low
thanks for subscribing to our updates,"Hi, 50% off sale this weekend only.  Thanks",promo@shop.com,Low
unsubscribe or manage your email preferences,"Hey, your monthly statement is available.",offers@deals.com,Low
board meeting moved to tonight,"Good morning, Security breach detected, respond immediately!.  Best",colleague@corp.com,High
following up on the earlier question about the bud,"Hi, sharing the agenda for next week's workshop.",manager@corp.com,Medium
feedback requested on the draft proposal,"Hey, reminder: team sync on Thursday.  Cheers",manager@corp.com,Medium
can you share the project update this week,"Dear all, new task assigned to you in the tracker.  Cheers",manager@corp.com,Medium
cafeteria lunch menu for next week,"Good morning, unsubscribe or manage your email preferences. deadline is today, submit the report by 5 PM Best",manager@corp.com,Low
assignment guidelines updated,"Good morning, FOLLOWING UP ON THE EARLIER QUESTION ABOUT THE BUDGET.  Cheers",offers@deals.com,Medium
could you check the attached spreadsheet,"Hello team, Could you check the attached spreadsheet.",prof@university.edu,Medium
cafeteria lunch menu for next week,"Hi, Photos from the office party.  Best",news@media.com,Low
you may like these recommended products,"Hello team, cafeteria lunch menu for next week. production server is down, need a fix ASAP Thank you",boss@corp.com,Low
production server is down,"Dear all, payment failed, action required today. new task assigned to you in the tracker Regards",colleague@corp.com,High
deadline is today,"Dear all, small thing but it needs sorting out before the deadline.  Thank you",bank.alerts@bank.com,High
payment failed,"Hello team, deadline is today, submit the report by 5 PM. cafeteria lunch menu for next week",ceo.office@corp.com,High
production server is down,"Dear all, Client escalation: contract at risk, call me immediately.  Cheers",boss@corp.com,High
critical bug reported by customer,"Hello team, client escalation: contract at risk, call me immediately. unsubscribe or manage your email preferences Thanks",bank.alerts@bank.com,High
interview scheduled tomorrow,"Good morning, client escalation: contract at risk, call me immediately.",client.rep@acme.com,High
cafeteria lunch menu for next week,Unsubscribe or manage your email preferences.  Best,hr.dept@corp.com,Low
could you check the attached spreadsheet,"Dear all, please approve my leave request when free.  Cheers",prof@university.edu,Medium
overdue invoice,"Hi, small thing but it needs sorting out before the deadline. photos from the office party Best",bank.alerts@bank.com,High
please review the meeting notes by Friday,feedback requested on the draft proposal.  Thanks,ceo.office@corp.com,High
weekly newsletter: top 10 tech stories,"Good morning, your monthly statement is available.  Best",offers@deals.com,Low
weekly newsletter: top 10 tech stories,"Good morning, Cafeteria lunch menu for next week.  Thanks",colleague@corp.com,Low
you may like these recommended products,Someone started following you!. your monthly statement is available,offers@deals.com,Low
weekly newsletter: top 10 tech stories,"Dear all, weekly newsletter: top 10 tech stories.  Cheers",offers@deals.com,Medium
exam rescheduled to tomorrow morning,"Good morning, exam rescheduled to tomorrow morning, please confirm.",client.rep@acme.com,High
webinar invitation: join our upcoming event,"Hey, your monthly statement is available.  Best",boss@corp.com,Medium
critical bug reported by customer,"Hi, quick note, when you get a moment, this is time sensitive.",colleague@corp.com,High
feedback requested on the draft proposal,"Hi, feedback requested on the draft proposal.  Cheers",hr.dept@corp.com,Medium
can you share the project update this week,"Hey, new task assigned to you in the tracker. payment failed, action required today Regards",bank.alerts@bank.com,Medium
50% off sale this weekend only,"Dear all, Unsubscribe or manage your email preferences. please review the meeting notes by Friday Best",news@media.com,Low
weekly newsletter: top 10 tech stories,"Hi, photos from the office party.  Regards",client.rep@acme.com,Low
production server is down,"Good morning, exam rescheduled to tomorrow morning, please confirm.  Thank you",hr.dept@corp.com,High
board meeting moved to tonight,"Good morning, Board meeting moved to tonight, join now.  Thanks",ceo.office@corp.com,Low
someone started following you,"Dear all, URGENT!!! LIMITED-TIME OFFER, ACT NOW.  Best",team@corp.com,Low
deadline is today,"Dear all, Board meeting moved to tonight, join now.  Thanks",bank.alerts@bank.com,High
critical bug reported by customer,"Good morning, payment failed, action required today.  Thanks",colleague@corp.com,High
exam rescheduled to tomorrow morning,"Good morning, small thing but it needs sorting out before the deadline. you may like these recommended products Cheers",boss@corp.com,High
exam rescheduled to tomorrow morning,"Hi, Critical bug reported by customer, needs a patch urgently!.  Cheers",bank.alerts@bank.com,High
50% off sale this weekend only,"Hello team, cafeteria lunch menu for next week.  Cheers",promo@shop.com,Low
please review the meeting notes by Friday,"Dear all, please review the meeting notes by Friday.",manager@corp.com,Medium
thanks for subscribing to our updates,"Hey, Weekly newsletter: top 10 tech stories!.",promo@shop.com,Low
thanks for subscribing to our updates,"Good morning, your monthly statement is available. you may like these recommended products Best",ceo.office@corp.com,High
webinar invitation: join our upcoming event,"Hello team, Action required: claim your free coupon now.  Best",no-reply@social.com,Low
cafeteria lunch menu for next week,"Hi, you may like these recommended products.  Cheers",news@media.com,Low
overdue invoice,"QUICK NOTE, WHEN YOU GET A MOMENT, THIS IS TIME SENSITIVE.  Thanks",ceo.office@corp.com,Low
feedback requested on the draft proposal,"Hi, reminder: team sync on Thursday.  Best",team@corp.com,Medium
security breach detected,"Board meeting moved to tonight, join now.  Best",boss@corp.com,High
reminder: team sync on Thursday,"Good morning, feedback requested on the draft proposal. interview scheduled tomorrow, confirm now Cheers",colleague@corp.com,Medium
could you check the attached spreadsheet,"Hi, new task assigned to you in the tracker.  Best",manager@corp.com,Medium
weekly newsletter: top 10 tech stories,"Hey, Webinar invitation: join our upcoming event.  Cheers",team@corp.com,Low
feedback requested on the draft proposal,"Dear all, Could you check the attached spreadsheet.  Regards",colleague@corp.com,Medium
unsubscribe or manage your email preferences,"Good morning, Action required: claim your free coupon now. 50% off sale this weekend only",no-reply@social.com,Low
50% off sale this weekend only,"Hello team, Action required: claim your free coupon now. could you check the attached spreadsheet Best",team@corp.com,Low
cafeteria lunch menu for next week,someone started following you.,no-reply@social.com,Low
sharing the agenda for next week's workshop,"Hello team, new task assigned to you in the tracker.  Best",colleague@corp.com,Medium
please review the meeting notes by Friday,"Hello team, new task assigned to you in the tracker.",team@corp.com,Medium
weekly newsletter: top 10 tech stories,"Dear all, cafeteria lunch menu for next week.  Thanks",promo@shop.com,Low
security breach detected,"Hey, board meeting moved to tonight, join now. please review the meeting notes by Friday Best",no-reply@social.com,High
interview scheduled tomorrow,"Dear all, Action required: claim your free coupon now.  Best",promo@shop.com,Low
exam rescheduled to tomorrow morning,"Dear all, exam rescheduled to tomorrow morning, please confirm.  Cheers",hr.dept@corp.com,High
weekly newsletter: top 10 tech stories,"Hi, YOU MAY LIKE THESE RECOMMENDED PRODUCTS.  Thanks",team@corp.com,Low
weekly newsletter: top 10 tech stories,"Hello team, someone started following you.  Cheers",news@media.com,Low
please review the meeting notes by Friday,Sharing the agenda for next week's workshop. cafeteria lunch menu for next week Best,colleague@corp.com,Medium
50% off sale this weekend only,"Hey, someone started following you.  Best",colleague@corp.com,Medium
sharing the agenda for next week's workshop,"Hello team, assignment guidelines updated, take a look. webinar invitation: join our upcoming event Thanks",team@corp.com,Medium
exam rescheduled to tomorrow morning,"Hi, security breach detected, respond immediately.  Cheers",boss@corp.com,High
interview scheduled tomorrow,"Hello team, SMALL THING BUT IT NEEDS SORTING OUT BEFORE THE DEADLINE.  Best",colleague@corp.com,High
can you share the project update this week,"Hi, new task assigned to you in the tracker.  Thank you",prof@university.edu,Medium
following up on the earlier question about the bud,"Good morning, can you share the project update this week. critical bug reported by customer, needs a patch urgently Best",manager@corp.com,Medium
assignment guidelines updated,"Dear all, following up on the earlier question about the budget.",manager@corp.com,Low
someone started following you,photos from the office party.  Best,promo@shop.com,Low
exam rescheduled to tomorrow morning,"overdue invoice, final notice before suspension.  Best",bank.alerts@bank.com,Medium
following up on the earlier question about the bud,"Good morning, Could you check the attached spreadsheet.",hr.dept@corp.com,High
cafeteria lunch menu for next week,"Hey, Last chance! sale ends today.",promo@shop.com,Low
thanks for subscribing to our updates,"Hello team, Unsubscribe or manage your email preferences.  Cheers",client.rep@acme.com,High
deadline is today,"Good morning, Deadline is today, submit the report by 5 pm.  Thanks",prof@university.edu,High
50% off sale this weekend only,"Hello team, your monthly statement is available.  Best",colleague@corp.com,Low
interview scheduled tomorrow,"Hey, quick note, when you get a moment, this is time sensitive.  Best",bank.alerts@bank.com,High
exam rescheduled to tomorrow morning,"Dear all, QUICK NOTE, WHEN YOU GET A MOMENT, THIS IS TIME SENSITIVE. can you share the project update this week Regards",hr.dept@corp.com,High
following up on the earlier question about the bud,"Hello team, Following up on the earlier question about the budget.",colleague@corp.com,Medium
security breach detected,"Hey, security breach detected, respond immediately. sharing the agenda for next week's workshop Thanks",ceo.office@corp.com,High
photos from the office party,your monthly statement is available.  Thank you,no-reply@social.com,Low
please review the meeting notes by Friday,following up on the earlier question about the budget.  Cheers,prof@university.edu,Medium
unsubscribe or manage your email preferences,"Hello team, someone started following you. assignment guidelines updated, take a look Thank you",news@media.com,Low
sharing the agenda for next week's workshop,"Hi, could you check the attached spreadsheet.  Best",manager@corp.com,Medium
you may like these recommended products,"Dear all, You may like these recommended products. security breach detected, respond immediately Cheers",team@corp.com,Low
your monthly statement is available,"Hey, you may like these recommended products.",no-reply@social.com,Low
can you share the project update this week,"Hey, Could you check the attached spreadsheet. board meeting moved to tonight, join now Thanks",prof@university.edu,Medium
reminder: team sync on Thursday,"Dear all, Reminder: team sync on thursday.",prof@university.edu,Low
board meeting moved to tonight,"Hey, Overdue invoice, final notice before suspension!.  Thanks",colleague@corp.com,Medium
production server is down,"Hey, production server is down, need a fix ASAP.  Regards",team@corp.com,Low
reminder: team sync on Thursday,"Hi, feedback requested on the draft proposal.",prof@university.edu,Medium
your monthly statement is available,"Hi, Last chance! sale ends today.  Thanks",team@corp.com,Low
new task assigned to you in the tracker,"Hello team, feedback requested on the draft proposal.  Cheers",prof@university.edu,Medium
weekly newsletter: top 10 tech stories,"Dear all, your monthly statement is available.  Regards",bank.alerts@bank.com,High
client escalation: contract at risk,"Hello team, overdue invoice, final notice before suspension.  Best",manager@corp.com,Medium
please approve my leave request when free,"Hi, assignment guidelines updated, take a look.  Cheers",prof@university.edu,Medium
feedback requested on the draft proposal,"Hello team, NEW TASK ASSIGNED TO YOU IN THE TRACKER.  Regards",colleague@corp.com,Medium
could you check the attached spreadsheet,can you share the project update this week.  Cheers,prof@university.edu,Medium
deadline is today,"Good morning, security breach detected, respond immediately.  Regards",boss@corp.com,High
payment failed,"Good morning, security breach detected, respond immediately. webinar invitation: join our upcoming event Thank you",ceo.office@corp.com,High
assignment guidelines updated,Can you share the project update this week.  Regards,colleague@corp.com,Medium
production server is down,"payment failed, action required today.",promo@shop.com,High
cafeteria lunch menu for next week,"Hey, Someone started following you.  Thank you",offers@deals.com,Low
could you check the attached spreadsheet,"Dear all, feedback requested on the draft proposal.  Best",colleague@corp.com,Medium
50% off sale this weekend only,"Dear all, Photos from the office party.  Best",manager@corp.com,Low
board meeting moved to tonight,"Hi, Exam rescheduled to tomorrow morning, please confirm.  Cheers",ceo.office@corp.com,High
could you check the attached spreadsheet,"Hi, Could you check the attached spreadsheet. client escalation: contract at risk, call me immediately Cheers",colleague@corp.com,Medium
following up on the earlier question about the bud,"Good morning, feedback requested on the draft proposal.  Thank you",hr.dept@corp.com,Medium
could you check the attached spreadsheet,"Hello team, Can you share the project update this week.  Regards",colleague@corp.com,Medium
sharing the agenda for next week's workshop,could you check the attached spreadsheet. please approve my leave request when free Best,hr.dept@corp.com,Medium
unsubscribe or manage your email preferences,"Dear all, 50% off sale this weekend only.  Thanks",offers@deals.com,Low
security breach detected,"Dear all, production server is down, need a fix ASAP. deadline is today, submit the report by 5 PM Thank you",bank.alerts@bank.com,High
can you share the project update this week,"Hello team, please approve my leave request when free.  Best",offers@deals.com,Medium
someone started following you,"Hello team, Your monthly statement is available.  Thanks",promo@shop.com,High
your monthly statement is available,"Good morning, 50% OFF SALE THIS WEEKEND ONLY.  Thanks",offers@deals.com,Low
cafeteria lunch menu for next week,"Good morning, weekly newsletter: top 10 tech stories.  Thank you",promo@shop.com,Low
50% off sale this weekend only,"Dear all, your monthly statement is available. weekly newsletter: top 10 tech stories Thank you",bank.alerts@bank.com,Low
following up on the earlier question about the bud,"Dear all, sharing the agenda for next week's workshop.  Thanks",promo@shop.com,Low
please approve my leave request when free,"Hi, FOLLOWING UP ON THE EARLIER QUESTION ABOUT THE BUDGET.  Best",hr.dept@corp.com,Medium
interview scheduled tomorrow,"Hey, Payment failed, action required today!.  Best",bank.alerts@bank.com,High
board meeting moved to tonight,"Hello team, board meeting moved to tonight, join now.  Thank you",colleague@corp.com,High
someone started following you,weekly newsletter: top 10 tech stories.,ceo.office@corp.com,High
photos from the office party,"Hello team, someone started following you.",offers@deals.com,Low
feedback requested on the draft proposal,"Hello team, Could you check the attached spreadsheet. weekly newsletter: top 10 tech stories",prof@university.edu,Medium
payment failed,"Dear all, exam rescheduled to tomorrow morning, please confirm.  Thanks",colleague@corp.com,High
feedback requested on the draft proposal,"Hey, following up on the earlier question about the budget.  Regards",manager@corp.com,Medium
unsubscribe or manage your email preferences,"Hi, PHOTOS FROM THE OFFICE PARTY.  Thanks",offers@deals.com,Low
please review the meeting notes by Friday,"Please approve my leave request when free!. production server is down, need a fix ASAP Thank you",promo@shop.com,High
could you check the attached spreadsheet,following up on the earlier question about the budget.  Thank you,team@corp.com,Medium
your monthly statement is available,"Hello team, URGENT!!! limited-time offer, act now.  Regards",ceo.office@corp.com,Low
unsubscribe or manage your email preferences,"Hi, Thanks for subscribing to our updates.  Regards",news@media.com,Low
deadline is today,"Hey, overdue invoice, final notice before suspension.",team@corp.com,High
following up on the earlier question about the bud,"Hello team, following up on the earlier question about the budget.  Regards",hr.dept@corp.com,Medium
interview scheduled tomorrow,"Good morning, interview scheduled tomorrow, confirm now.  Regards",bank.alerts@bank.com,High
exam rescheduled to tomorrow morning,"Hey, Small thing but it needs sorting out before the deadline!.  Cheers",hr.dept@corp.com,High
sharing the agenda for next week's workshop,sharing the agenda for next week's workshop.  Cheers,hr.dept@corp.com,Medium
exam rescheduled to tomorrow morning,"Hello team, deadline is today, submit the report by 5 PM.  Thanks",boss@corp.com,High
unsubscribe or manage your email preferences,"Hi, someone started following you.  Best",offers@deals.com,Low
photos from the office party,"Hello team, Someone started following you!.  Thank you",boss@corp.com,Low
exam rescheduled to tomorrow morning,"Dear all, board meeting moved to tonight, join now. can you share the project update this week Regards",bank.alerts@bank.com,High
could you check the attached spreadsheet,"Dear all, following up on the earlier question about the budget.  Thank you",prof@university.edu,Medium
production server is down,"Hey, interview scheduled tomorrow, confirm now.  Thank you",hr.dept@corp.com,High
50% off sale this weekend only,"Good morning, unsubscribe or manage your email preferences.  Regards",offers@deals.com,Low
board meeting moved to tonight,"Dear all, payment failed, action required today.  Cheers",client.rep@acme.com,High
new task assigned to you in the tracker,"Hi, can you share the project update this week.  Thanks",prof@university.edu,Medium
following up on the earlier question about the bud,"Hi, please review the meeting notes by Friday. could you check the attached spreadsheet",team@corp.com,Medium
please review the meeting notes by Friday,"Hello team, Sharing the agenda for next week's workshop.",team@corp.com,Medium
photos from the office party,"Dear all, cafeteria lunch menu for next week.  Thanks",news@media.com,High
exam rescheduled to tomorrow morning,"Hi, interview scheduled tomorrow, confirm now.  Cheers",ceo.office@corp.com,High
please review the meeting notes by Friday,new task assigned to you in the tracker.  Best,colleague@corp.com,Medium
can you share the project update this week,"Hello team, Following up on the earlier question about the budget.  Thank you",colleague@corp.com,Medium
someone started following you,"Hi, photos from the office party.  Cheers",hr.dept@corp.com,Medium
board meeting moved to tonight,"Good morning, payment failed, action required today.  Cheers",client.rep@acme.com,High
client escalation: contract at risk,"Dear all, security breach detected, respond immediately.  Thank you",colleague@corp.com,High
client escalation: contract at risk,"Dear all, critical bug reported by customer, needs a patch urgently.",client.rep@acme.com,High
security breach detected,"Hello team, production server is down, need a fix ASAP.  Thank you",colleague@corp.com,High
sharing the agenda for next week's workshop,"Good morning, REMINDER: TEAM SYNC ON THURSDAY.  Cheers",team@corp.com,Medium
please review the meeting notes by Friday,"Dear all, can you share the project update this week. feedback requested on the draft proposal Cheers",hr.dept@corp.com,Medium
please review the meeting notes by Friday,"Hello team, following up on the earlier question about the budget.  Cheers",colleague@corp.com,Medium
security breach detected,"Hi, deadline is today, submit the report by 5 PM. new task assigned to you in the tracker Thanks",ceo.office@corp.com,High
50% off sale this weekend only,"Good morning, photos from the office party.  Thank you",offers@deals.com,Low
thanks for subscribing to our updates,"Hey, unsubscribe or manage your email preferences.",no-reply@social.com,Low
production server is down,"Hi, interview scheduled tomorrow, confirm now.  Cheers",boss@corp.com,High
you may like these recommended products,"Dear all, photos from the office party.  Regards",prof@university.edu,Low
50% off sale this weekend only,"Hey, URGENT!!! LIMITED-TIME OFFER, ACT NOW.  Cheers",team@corp.com,Low
critical bug reported by customer,"Hello team, Quick note, when you get a moment, this is time sensitive.  Regards",bank.alerts@bank.com,High
could you check the attached spreadsheet,could you check the attached spreadsheet.  Best,bank.alerts@bank.com,High
someone started following you,"Hello team, thanks for subscribing to our updates.  Thanks",no-reply@social.com,Low
client escalation: contract at risk,"Hi, security breach detected, respond immediately. exam rescheduled to tomorrow morning, please confirm Regards",news@media.com,Low
reminder: team sync on Thursday,"Hi, reminder: team sync on Thursday.  Thanks",prof@university.edu,Medium
overdue invoice,"Dear all, deadline is today, submit the report by 5 PM. feedback requested on the draft proposal Cheers",news@media.com,High
overdue invoice,"Hello team, client escalation: contract at risk, call me immediately.",bank.alerts@bank.com,High
following up on the earlier question about the bud,"Hey, assignment guidelines updated, take a look. board meeting moved to tonight, join now",colleague@corp.com,Medium
overdue invoice,"Dear all, Production server is down, need a fix asap!.  Thank you",client.rep@acme.com,High
security breach detected,"Hi, payment failed, action required today.",bank.alerts@bank.com,Low
security breach detected,"Dear all, interview scheduled tomorrow, confirm now.  Regards",client.rep@acme.com,High
webinar invitation: join our upcoming event,50% off sale this weekend only.,team@corp.com,Low
webinar invitation: join our upcoming event,"Hello team, Weekly newsletter: top 10 tech stories.  Regards",news@media.com,Low
client escalation: contract at risk,"Hey, overdue invoice, final notice before suspension. can you share the project update this week Thank you",colleague@corp.com,High
deadline is today,"Hi, SECURITY BREACH DETECTED, RESPOND IMMEDIATELY.",colleague@corp.com,High
50% off sale this weekend only,"Hi, 50% off sale this weekend only.  Thank you",news@media.com,Low
cafeteria lunch menu for next week,"Hello team, SOMEONE STARTED FOLLOWING YOU.  Best",hr.dept@corp.com,Low
please review the meeting notes by Friday,"Dear all, please approve my leave request when free.  Regards",prof@university.edu,Medium
critical bug reported by customer,"Hi, QUICK NOTE, WHEN YOU GET A MOMENT, THIS IS TIME SENSITIVE.  Cheers",colleague@corp.com,High
new task assigned to you in the tracker,"Good morning, could you check the attached spreadsheet. new task assigned to you in the tracker Thank you",offers@deals.com,Low
can you share the project update this week,reminder: team sync on Thursday. thanks for subscribing to our updates Best,team@corp.com,Medium
production server is down,"Good morning, interview scheduled tomorrow, confirm now.  Regards",client.rep@acme.com,High
can you share the project update this week,"Dear all, please approve my leave request when free.  Regards",team@corp.com,Medium
new task assigned to you in the tracker,"Hi, feedback requested on the draft proposal.  Best",offers@deals.com,Medium
webinar invitation: join our upcoming event,"Good morning, You may like these recommended products.  Thanks",team@corp.com,Low
exam rescheduled to tomorrow morning,"Hi, interview scheduled tomorrow, confirm now.  Thanks",bank.alerts@bank.com,High
weekly newsletter: top 10 tech stories,"Good morning, cafeteria lunch menu for next week. new task assigned to you in the tracker Cheers",team@corp.com,Low
someone started following you,"Hi, thanks for subscribing to our updates.  Regards",promo@shop.com,Low
deadline is today,"Good morning, critical bug reported by customer, needs a patch urgently.  Thanks",boss@corp.com,High
photos from the office party,"Hello team, someone started following you.",news@media.com,Low
can you share the project update this week,"Hello team, sharing the agenda for next week's workshop.  Best",bank.alerts@bank.com,Medium
reminder: team sync on Thursday,"Hi, could you check the attached spreadsheet.  Thank you",team@corp.com,Medium
photos from the office party,photos from the office party.,news@media.com,Low
exam rescheduled to tomorrow morning,"Hey, overdue invoice, final notice before suspension.",colleague@corp.com,High
deadline is today,"Good morning, interview scheduled tomorrow, confirm now.",boss@corp.com,High
could you check the attached spreadsheet,"Good morning, feedback requested on the draft proposal.  Thank you",manager@corp.com,Medium
50% off sale this weekend only,"Hey, your monthly statement is available. cafeteria lunch menu for next week Thanks",team@corp.com,Low
webinar invitation: join our upcoming event,"Dear all, your monthly statement is available.  Thank you",promo@shop.com,Low
assignment guidelines updated,"Good morning, please approve my leave request when free.  Thanks",hr.dept@corp.com,Medium
please approve my leave request when free,please approve my leave request when free.  Thanks,colleague@corp.com,Medium
thanks for subscribing to our updates,photos from the office party.  Regards,no-reply@social.com,Low
following up on the earlier question about the bud,"Dear all, reminder: team sync on Thursday. exam rescheduled to tomorrow morning, please confirm Thanks",hr.dept@corp.com,Medium
interview scheduled tomorrow,"Good morning, small thing but it needs sorting out before the deadline.  Best",hr.dept@corp.com,High
deadline is today,"Hello team, deadline is today, submit the report by 5 PM.  Thanks",ceo.office@corp.com,High
board meeting moved to tonight,"Hi, exam rescheduled to tomorrow morning, please confirm. webinar invitation: join our upcoming event Cheers",prof@university.edu,High
photos from the office party,your monthly statement is available.  Regards,promo@shop.com,Medium
could you check the attached spreadsheet,Sharing the agenda for next week's workshop.  Best,hr.dept@corp.com,Medium
50% off sale this weekend only,"Hey, PHOTOS FROM THE OFFICE PARTY.",promo@shop.com,Low
you may like these recommended products,your monthly statement is available.  Thanks,team@corp.com,Low
webinar invitation: join our upcoming event,"Hello team, photos from the office party.  Thanks",no-reply@social.com,Low
client escalation: contract at risk,"Dear all, client escalation: contract at risk, call me immediately.",colleague@corp.com,High
please review the meeting notes by Friday,"Hey, Feedback requested on the draft proposal!.",manager@corp.com,Medium
security breach detected,"Dear all, client escalation: contract at risk, call me immediately.  Best",boss@corp.com,High
client escalation: contract at risk,"Good morning, exam rescheduled to tomorrow morning, please confirm.",bank.alerts@bank.com,High
thanks for subscribing to our updates,"Hello team, weekly newsletter: top 10 tech stories.  Regards",promo@shop.com,Low
unsubscribe or manage your email preferences,"Dear all, thanks for subscribing to our updates. photos from the office party Best",colleague@corp.com,Medium
production server is down,"Hey, Board meeting moved to tonight, join now.  Best",hr.dept@corp.com,High
overdue invoice,"Hey, board meeting moved to tonight, join now.  Regards",ceo.office@corp.com,High
overdue invoice,"Hello team, INTERVIEW SCHEDULED TOMORROW, CONFIRM NOW. feedback requested on the draft proposal Thank you",news@media.com,High
sharing the agenda for next week's workshop,"Hi, sharing the agenda for next week's workshop. assignment guidelines updated, take a look Cheers",hr.dept@corp.com,Medium
overdue invoice,"Hi, overdue invoice, final notice before suspension.  Cheers",boss@corp.com,High
your monthly statement is available,Unsubscribe or manage your email preferences.  Regards,news@media.com,Low
critical bug reported by customer,"Dear all, payment failed, action required today. photos from the office party Cheers",ceo.office@corp.com,High
please review the meeting notes by Friday,"following up on the earlier question about the budget. client escalation: contract at risk, call me immediately Thanks",manager@corp.com,Medium
client escalation: contract at risk,"Hi, client escalation: contract at risk, call me immediately.  Thank you",client.rep@acme.com,High
feedback requested on the draft proposal,"Dear all, new task assigned to you in the tracker.",manager@corp.com,Medium
webinar invitation: join our upcoming event,WEBINAR INVITATION: JOIN OUR UPCOMING EVENT.  Best,promo@shop.com,Low
production server is down,"Hey, Overdue invoice, final notice before suspension!. webinar invitation: join our upcoming event",colleague@corp.com,High
webinar invitation: join our upcoming event,"Dear all, YOUR MONTHLY STATEMENT IS AVAILABLE.  Cheers",hr.dept@corp.com,Medium
following up on the earlier question about the bud,"Hi, could you check the attached spreadsheet. cafeteria lunch menu for next week Thank you",prof@university.edu,Medium
board meeting moved to tonight,"Hi, Board meeting moved to tonight, join now. new task assigned to you in the tracker Thanks",hr.dept@corp.com,High
feedback requested on the draft proposal,"Hi, please approve my leave request when free.  Best",colleague@corp.com,Medium
please approve my leave request when free,"Hello team, can you share the project update this week. security breach detected, respond immediately Thanks",colleague@corp.com,Medium
board meeting moved to tonight,"Hi, overdue invoice, final notice before suspension.  Best",client.rep@acme.com,High
overdue invoice,"Hi, production server is down, need a fix ASAP.  Regards",no-reply@social.com,High
could you check the attached spreadsheet,"Hi, reminder: team sync on Thursday. webinar invitation: join our upcoming event Cheers",promo@shop.com,Medium
could you check the attached spreadsheet,"Hey, Please review the meeting notes by friday!.  Cheers",hr.dept@corp.com,Medium
weekly newsletter: top 10 tech stories,"Hey, thanks for subscribing to our updates.  Thank you",promo@shop.com,Low
client escalation: contract at risk,"Hey, small thing but it needs sorting out before the deadline.  Cheers",colleague@corp.com,High
reminder: team sync on Thursday,"Hi, please review the meeting notes by Friday.  Regards",hr.dept@corp.com,High
following up on the earlier question about the bud,"Hey, Please approve my leave request when free. interview scheduled tomorrow, confirm now Cheers",prof@university.edu,Medium
board meeting moved to tonight,"Hey, client escalation: contract at risk, call me immediately. someone started following you Cheers",ceo.office@corp.com,High
50% off sale this weekend only,"Dear all, unsubscribe or manage your email preferences.  Thanks",no-reply@social.com,Low
50% off sale this weekend only,"Urgent!!! limited-time offer, act now.  Thanks",no-reply@social.com,Low
photos from the office party,"Good morning, Someone started following you!.  Thank you",promo@shop.com,Low
could you check the attached spreadsheet,"Hello team, feedback requested on the draft proposal. board meeting moved to tonight, join now",team@corp.com,Medium
sharing the agenda for next week's workshop,"Good morning, Reminder: team sync on thursday.  Thanks",prof@university.edu,Medium
someone started following you,"Hi, 50% off sale this weekend only.  Thanks",promo@shop.com,Low
please approve my leave request when free,"Good morning, new task assigned to you in the tracker.  Thank you",hr.dept@corp.com,Medium
deadline is today,"Good morning, quick note, when you get a moment, this is time sensitive.  Regards",ceo.office@corp.com,High
board meeting moved to tonight,"Hi, interview scheduled tomorrow, confirm now. cafeteria lunch menu for next week",boss@corp.com,High
following up on the earlier question about the bud,"Dear all, reminder: team sync on Thursday. webinar invitation: join our upcoming event Thank you",promo@shop.com,Low
weekly newsletter: top 10 tech stories,50% off sale this weekend only.  Thanks,offers@deals.com,Low
payment failed,"Hello team, quick note, when you get a moment, this is time sensitive. thanks for subscribing to our updates Thanks",hr.dept@corp.com,High
can you share the project update this week,"Hi, Following up on the earlier question about the budget.  Best",prof@university.edu,Medium
please review the meeting notes by Friday,"Hello team, sharing the agenda for next week's workshop.  Thank you",colleague@corp.com,Medium
payment failed,"Good morning, production server is down, need a fix ASAP. production server is down, need a fix ASAP",promo@shop.com,Low
critical bug reported by customer,"Dear all, payment failed, action required today.",hr.dept@corp.com,High
security breach detected,"Good morning, client escalation: contract at risk, call me immediately.  Cheers",client.rep@acme.com,High
deadline is today,"Good morning, security breach detected, respond immediately. photos from the office party Thank you",prof@university.edu,Low
following up on the earlier question about the bud,"Hey, reminder: team sync on Thursday.  Thanks",colleague@corp.com,Medium
client escalation: contract at risk,"Good morning, overdue invoice, final notice before suspension.",ceo.office@corp.com,High
please approve my leave request when free,"assignment guidelines updated, take a look.  Cheers",prof@university.edu,Medium
cafeteria lunch menu for next week,"Hi, photos from the office party.  Thank you",client.rep@acme.com,Low
assignment guidelines updated,please review the meeting notes by Friday. cafeteria lunch menu for next week Thanks,boss@corp.com,Low
someone started following you,"Hi, photos from the office party.",ceo.office@corp.com,High
cafeteria lunch menu for next week,"Hey, unsubscribe or manage your email preferences.  Best",bank.alerts@bank.com,Low
sharing the agenda for next week's workshop,"Hey, reminder: team sync on Thursday.  Regards",hr.dept@corp.com,Medium
payment failed,"Hey, Client escalation: contract at risk, call me immediately.",colleague@corp.com,High
please review the meeting notes by Friday,"Hello team, assignment guidelines updated, take a look.  Cheers",prof@university.edu,Medium
new task assigned to you in the tracker,"Hi, assignment guidelines updated, take a look. please review the meeting notes by Friday Regards",hr.dept@corp.com,Medium
exam rescheduled to tomorrow morning,"Good morning, interview scheduled tomorrow, confirm now. security breach detected, respond immediately Best",boss@corp.com,High
thanks for subscribing to our updates,"Hey, webinar invitation: join our upcoming event.  Thanks",hr.dept@corp.com,Medium
deadline is today,"Dear all, client escalation: contract at risk, call me immediately.  Thanks",colleague@corp.com,High
security breach detected,"Hi, OVERDUE INVOICE, FINAL NOTICE BEFORE SUSPENSION.  Thanks",team@corp.com,Low
50% off sale this weekend only,"Dear all, cafeteria lunch menu for next week.  Cheers",colleague@corp.com,High
reminder: team sync on Thursday,"Dear all, following up on the earlier question about the budget.  Cheers",colleague@corp.com,Medium
new task assigned to you in the tracker,"Good morning, feedback requested on the draft proposal.  Thanks",colleague@corp.com,High
your monthly statement is available,"Hi, URGENT!!! limited-time offer, act now.  Cheers",news@media.com,Low
please approve my leave request when free,"Hi, new task assigned to you in the tracker.  Thanks",prof@university.edu,Medium
your monthly statement is available,"Dear all, PHOTOS FROM THE OFFICE PARTY.  Thanks",client.rep@acme.com,Low
interview scheduled tomorrow,"Hey, overdue invoice, final notice before suspension.  Cheers",ceo.office@corp.com,High
assignment guidelines updated,"Good morning, please approve my leave request when free.  Cheers",hr.dept@corp.com,Medium
webinar invitation: join our upcoming event,"Hi, weekly newsletter: top 10 tech stories.  Regards",team@corp.com,Low
weekly newsletter: top 10 tech stories,"Hi, YOUR MONTHLY STATEMENT IS AVAILABLE.  Best",promo@shop.com,Low
board meeting moved to tonight,"Hello team, production server is down, need a fix ASAP.  Thank you",ceo.office@corp.com,High
new task assigned to you in the tracker,"Hey, following up on the earlier question about the budget.  Best",prof@university.edu,Medium
sharing the agenda for next week's workshop,"Dear all, PLEASE REVIEW THE MEETING NOTES BY FRIDAY. you may like these recommended products Thanks",manager@corp.com,Medium
sharing the agenda for next week's workshop,"Hey, following up on the earlier question about the budget.",colleague@corp.com,High
feedback requested on the draft proposal,PLEASE REVIEW THE MEETING NOTES BY FRIDAY.  Regards,prof@university.edu,Medium
new task assigned to you in the tracker,"Good morning, please approve my leave request when free.  Thank you",prof@university.edu,Medium
reminder: team sync on Thursday,"Hey, assignment guidelines updated, take a look. production server is down, need a fix ASAP",manager@corp.com,Medium
reminder: team sync on Thursday,"Dear all, new task assigned to you in the tracker.  Best",news@media.com,Medium
deadline is today,"Hi, overdue invoice, final notice before suspension.  Thank you",team@corp.com,Low
please review the meeting notes by Friday,"Hi, could you check the attached spreadsheet.  Thanks",boss@corp.com,Medium
could you check the attached spreadsheet,"Hi, reminder: team sync on Thursday. can you share the project update this week Best",hr.dept@corp.com,Medium
following up on the earlier question about the bud,"assignment guidelines updated, take a look.  Regards",team@corp.com,Medium
deadline is today,"overdue invoice, final notice before suspension. unsubscribe or manage your email preferences Cheers",client.rep@acme.com,High
weekly newsletter: top 10 tech stories,"Dear all, unsubscribe or manage your email preferences.  Cheers",offers@deals.com,Low
critical bug reported by customer,"client escalation: contract at risk, call me immediately.",colleague@corp.com,High
can you share the project update this week,"Hello team, please approve my leave request when free.  Regards",hr.dept@corp.com,Low
could you check the attached spreadsheet,"Dear all, please review the meeting notes by Friday.  Best",colleague@corp.com,Medium
your monthly statement is available,Unsubscribe or manage your email preferences!. unsubscribe or manage your email preferences Cheers,offers@deals.com,Medium
security breach detected,"Overdue invoice, final notice before suspension.  Thank you",client.rep@acme.com,High
client escalation: contract at risk,"Hello team, board meeting moved to tonight, join now.  Thank you",ceo.office@corp.com,High
security breach detected,"Good morning, critical bug reported by customer, needs a patch urgently. production server is down, need a fix ASAP Thanks",colleague@corp.com,High
exam rescheduled to tomorrow morning,"Hi, overdue invoice, final notice before suspension.  Regards",hr.dept@corp.com,High
photos from the office party,"Hi, Your monthly statement is available. 50% off sale this weekend only Best",no-reply@social.com,Low
you may like these recommended products,"Good morning, someone started following you.  Regards",offers@deals.com,Low
photos from the office party,"URGENT!!! limited-time offer, act now. feedback requested on the draft proposal",promo@shop.com,Low
your monthly statement is available,"Good morning, You may like these recommended products. security breach detected, respond immediately Regards",news@media.com,Low
webinar invitation: join our upcoming event,"Good morning, Last chance! sale ends today. please review the meeting notes by Friday Thank you",bank.alerts@bank.com,Low
payment failed,"Hey, Last chance! sale ends today. your monthly statement is available Cheers",no-reply@social.com,Low
interview scheduled tomorrow,"Hey, SMALL THING BUT IT NEEDS SORTING OUT BEFORE THE DEADLINE. client escalation: contract at risk, call me immediately Thanks",hr.dept@corp.com,High
interview scheduled tomorrow,"Hey, quick note, when you get a moment, this is time sensitive.  Thank you",bank.alerts@bank.com,High
following up on the earlier question about the bud,"Hey, reminder: team sync on Thursday.  Best",manager@corp.com,Medium
cafeteria lunch menu for next week,"Hello team, URGENT!!! limited-time offer, act now.  Thanks",news@media.com,Low
50% off sale this weekend only,"Good morning, UNSUBSCRIBE OR MANAGE YOUR EMAIL PREFERENCES.  Thank you",news@media.com,Low
security breach detected,"Hello team, production server is down, need a fix ASAP. could you check the attached spreadsheet Regards",hr.dept@corp.com,High
new task assigned to you in the tracker,"Dear all, New task assigned to you in the tracker.  Thank you",team@corp.com,Medium
following up on the earlier question about the bud,"Hey, assignment guidelines updated, take a look.  Thank you",hr.dept@corp.com,High
photos from the office party,someone started following you.  Regards,hr.dept@corp.com,High
payment failed,"Good morning, security breach detected, respond immediately.  Regards",hr.dept@corp.com,High
exam rescheduled to tomorrow morning,"Hey, deadline is today, submit the report by 5 PM.",boss@corp.com,High
please approve my leave request when free,"Hey, Reminder: team sync on thursday.  Best",team@corp.com,Medium
can you share the project update this week,"Good morning, reminder: team sync on Thursday. photos from the office party Regards",manager@corp.com,High
thanks for subscribing to our updates,"Hey, WEBINAR INVITATION: JOIN OUR UPCOMING EVENT.  Cheers",no-reply@social.com,Low
cafeteria lunch menu for next week,"Hey, someone started following you.  Regards",no-reply@social.com,Low
overdue invoice,"Dear all, PAYMENT FAILED, ACTION REQUIRED TODAY. could you check the attached spreadsheet Thanks",boss@corp.com,High
client escalation: contract at risk,"Good morning, critical bug reported by customer, needs a patch urgently.  Thank you",hr.dept@corp.com,High
new task assigned to you in the tracker,please approve my leave request when free.  Best,promo@shop.com,Low
sharing the agenda for next week's workshop,"Hello team, sharing the agenda for next week's workshop.  Best",prof@university.edu,Medium
new task assigned to you in the tracker,"Good morning, please review the meeting notes by Friday. production server is down, need a fix ASAP Cheers",offers@deals.com,Low
unsubscribe or manage your email preferences,"Dear all, photos from the office party.  Cheers",offers@deals.com,Low
webinar invitation: join our upcoming event,"Hey, you may like these recommended products.  Thanks",hr.dept@corp.com,Low
please review the meeting notes by Friday,"Hi, reminder: team sync on Thursday. following up on the earlier question about the budget Regards",hr.dept@corp.com,Medium
unsubscribe or manage your email preferences,"Hi, Webinar invitation: join our upcoming event!.  Regards",colleague@corp.com,High
exam rescheduled to tomorrow morning,"Hello team, board meeting moved to tonight, join now.  Best",colleague@corp.com,High
please approve my leave request when free,"Hi, feedback requested on the draft proposal.  Thank you",offers@deals.com,Low
please review the meeting notes by Friday,"Dear all, could you check the attached spreadsheet.  Regards",colleague@corp.com,Medium
critical bug reported by customer,"interview scheduled tomorrow, confirm now.  Thanks",bank.alerts@bank.com,High
could you check the attached spreadsheet,"Hi, Following up on the earlier question about the budget.  Best",prof@university.edu,Medium
please approve my leave request when free,please approve my leave request when free.  Cheers,boss@corp.com,Low
cafeteria lunch menu for next week,"Good morning, 50% OFF SALE THIS WEEKEND ONLY.  Thank you",team@corp.com,Low
your monthly statement is available,"Good morning, WEBINAR INVITATION: JOIN OUR UPCOMING EVENT. your monthly statement is available Thanks",colleague@corp.com,Medium
new task assigned to you in the tracker,"Good morning, Please approve my leave request when free.  Cheers",colleague@corp.com,Medium
critical bug reported by customer,"Client escalation: contract at risk, call me immediately. thanks for subscribing to our updates Cheers",colleague@corp.com,High
sharing the agenda for next week's workshop,"Dear all, Feedback requested on the draft proposal. please review the meeting notes by Friday",team@corp.com,Medium
could you check the attached spreadsheet,sharing the agenda for next week's workshop.  Thanks,hr.dept@corp.com,Medium
weekly newsletter: top 10 tech stories,"Dear all, photos from the office party.  Thank you",offers@deals.com,Low
interview scheduled tomorrow,"Good morning, critical bug reported by customer, needs a patch urgently.  Regards",boss@corp.com,High
could you check the attached spreadsheet,"Hello team, following up on the earlier question about the budget. could you check the attached spreadsheet Thank you",client.rep@acme.com,High
your monthly statement is available,"Dear all, thanks for subscribing to our updates. unsubscribe or manage your email preferences Thanks",team@corp.com,Low
please approve my leave request when free,"Good morning, please approve my leave request when free.  Regards",colleague@corp.com,Medium
payment failed,"Hey, deadline is today, submit the report by 5 PM.",bank.alerts@bank.com,High
could you check the attached spreadsheet,"assignment guidelines updated, take a look.  Thanks",hr.dept@corp.com,High
photos from the office party,"Hi, cafeteria lunch menu for next week.  Thanks",colleague@corp.com,High
exam rescheduled to tomorrow morning,"Hi, Client escalation: contract at risk, call me immediately.  Thanks",ceo.office@corp.com,High
security breach detected,"Dear all, client escalation: contract at risk, call me immediately.  Regards",client.rep@acme.com,High
client escalation: contract at risk,"Good morning, payment failed, action required today. payment failed, action required today Cheers",ceo.office@corp.com,High
please review the meeting notes by Friday,"Hello team, NEW TASK ASSIGNED TO YOU IN THE TRACKER.",promo@shop.com,Low
deadline is today,"Dear all, deadline is today, submit the report by 5 PM.  Best",colleague@corp.com,High
someone started following you,"URGENT!!! limited-time offer, act now.  Best",no-reply@social.com,Low
could you check the attached spreadsheet,sharing the agenda for next week's workshop.,bank.alerts@bank.com,Low
photos from the office party,"Hi, someone started following you.  Cheers",no-reply@social.com,Low
production server is down,"Hey, Payment failed, action required today.  Regards",boss@corp.com,High
you may like these recommended products,"Hi, YOU MAY LIKE THESE RECOMMENDED PRODUCTS. payment failed, action required today Best",news@media.com,Low
new task assigned to you in the tracker,"Hey, please approve my leave request when free.  Regards",colleague@corp.com,Medium
webinar invitation: join our upcoming event,"Good morning, Last chance! sale ends today. can you share the project update this week",team@corp.com,Low
50% off sale this weekend only,weekly newsletter: top 10 tech stories.  Regards,team@corp.com,Low
thanks for subscribing to our updates,"Hi, webinar invitation: join our upcoming event.  Thanks",team@corp.com,Low
feedback requested on the draft proposal,reminder: team sync on Thursday. webinar invitation: join our upcoming event Best,hr.dept@corp.com,Medium
50% off sale this weekend only,photos from the office party.,offers@deals.com,Low
someone started following you,"Hey, Thanks for subscribing to our updates.  Thanks",boss@corp.com,Low
thanks for subscribing to our updates,"Hello team, your monthly statement is available. could you check the attached spreadsheet Thanks",no-reply@social.com,Low
thanks for subscribing to our updates,"Good morning, your monthly statement is available.  Best",promo@shop.com,Medium
can you share the project update this week,"Hello team, can you share the project update this week.  Best",manager@corp.com,Low
overdue invoice,"Quick note, when you get a moment, this is time sensitive. security breach detected, respond immediately Best",client.rep@acme.com,Low
weekly newsletter: top 10 tech stories,cafeteria lunch menu for next week.  Regards,team@corp.com,Low
cafeteria lunch menu for next week,you may like these recommended products.  Regards,team@corp.com,Low
client escalation: contract at risk,"Hello team, Overdue invoice, final notice before suspension!.  Thank you",client.rep@acme.com,High
reminder: team sync on Thursday,sharing the agenda for next week's workshop.  Regards,hr.dept@corp.com,Medium
50% off sale this weekend only,"Hello team, webinar invitation: join our upcoming event.  Cheers",news@media.com,Low
new task assigned to you in the tracker,"Hello team, NEW TASK ASSIGNED TO YOU IN THE TRACKER.",prof@university.edu,Medium
could you check the attached spreadsheet,"Good morning, Could you check the attached spreadsheet.",hr.dept@corp.com,Medium
client escalation: contract at risk,"Good morning, critical bug reported by customer, needs a patch urgently. exam rescheduled to tomorrow morning, please confirm",team@corp.com,High
you may like these recommended products,"Dear all, webinar invitation: join our upcoming event. 50% off sale this weekend only Thank you",news@media.com,Low
interview scheduled tomorrow,"Hi, PRODUCTION SERVER IS DOWN, NEED A FIX ASAP.  Thank you",hr.dept@corp.com,High
assignment guidelines updated,"Good morning, please review the meeting notes by Friday.",manager@corp.com,Medium
please approve my leave request when free,"Good morning, Please approve my leave request when free. you may like these recommended products",colleague@corp.com,Medium
unsubscribe or manage your email preferences,"URGENT!!! limited-time offer, act now.  Cheers",offers@deals.com,Low
feedback requested on the draft proposal,FEEDBACK REQUESTED ON THE DRAFT PROPOSAL.  Regards,manager@corp.com,Medium
your monthly statement is available,"Dear all, someone started following you.  Best",team@corp.com,Low
weekly newsletter: top 10 tech stories,You may like these recommended products.  Thank you,no-reply@social.com,Low
50% off sale this weekend only,"Hi, weekly newsletter: top 10 tech stories.  Thanks",offers@deals.com,Low
you may like these recommended products,webinar invitation: join our upcoming event.  Best,offers@deals.com,Low
following up on the earlier question about the bud,"Hello team, could you check the attached spreadsheet.  Cheers",news@media.com,Low
assignment guidelines updated,"Hey, feedback requested on the draft proposal.  Best",offers@deals.com,Medium
board meeting moved to tonight,"Dear all, production server is down, need a fix ASAP. please review the meeting notes by Friday Regards",bank.alerts@bank.com,Low
feedback requested on the draft proposal,sharing the agenda for next week's workshop.  Regards,manager@corp.com,Medium
exam rescheduled to tomorrow morning,"Hi, exam rescheduled to tomorrow morning, please confirm.",client.rep@acme.com,Medium
reminder: team sync on Thursday,"Dear all, sharing the agenda for next week's workshop.",hr.dept@corp.com,Medium
cafeteria lunch menu for next week,"Hi, Your monthly statement is available.  Cheers",offers@deals.com,Low
client escalation: contract at risk,"Hello team, production server is down, need a fix ASAP.  Best",colleague@corp.com,High
payment failed,"Small thing but it needs sorting out before the deadline. production server is down, need a fix ASAP Best",client.rep@acme.com,High
security breach detected,"Hello team, Critical bug reported by customer, needs a patch urgently.",hr.dept@corp.com,High
client escalation: contract at risk,"Hello team, small thing but it needs sorting out before the deadline.  Thank you",bank.alerts@bank.com,High
unsubscribe or manage your email preferences,"Good morning, cafeteria lunch menu for next week.  Thanks",team@corp.com,Low
someone started following you,"Good morning, Last chance! sale ends today.  Cheers",no-reply@social.com,Low
deadline is today,"Hey, client escalation: contract at risk, call me immediately. weekly newsletter: top 10 tech stories Regards",colleague@corp.com,High
could you check the attached spreadsheet,"Hello team, NEW TASK ASSIGNED TO YOU IN THE TRACKER. exam rescheduled to tomorrow morning, please confirm Thanks",no-reply@social.com,Low
security breach detected,"Good morning, CRITICAL BUG REPORTED BY CUSTOMER, NEEDS A PATCH URGENTLY.  Best",colleague@corp.com,High
sharing the agenda for next week's workshop,"Hello team, assignment guidelines updated, take a look.  Best",prof@university.edu,Medium
assignment guidelines updated,"Hello team, please approve my leave request when free.  Regards",colleague@corp.com,Medium
unsubscribe or manage your email preferences,"Good morning, cafeteria lunch menu for next week.  Regards",team@corp.com,Low
webinar invitation: join our upcoming event,"Dear all, Last chance! sale ends today.  Thanks",promo@shop.com,Low
webinar invitation: join our upcoming event,"Hi, cafeteria lunch menu for next week.  Regards",team@corp.com,Low
please approve my leave request when free,please approve my leave request when free. please approve my leave request when free Thanks,colleague@corp.com,Medium
client escalation: contract at risk,"Hi, critical bug reported by customer, needs a patch urgently. please review the meeting notes by Friday Best",client.rep@acme.com,High
following up on the earlier question about the bud,feedback requested on the draft proposal.  Thanks,team@corp.com,High
you may like these recommended products,"Hey, you may like these recommended products.",offers@deals.com,Low
someone started following you,"Hi, your monthly statement is available.  Cheers",client.rep@acme.com,Low
payment failed,"Hi, client escalation: contract at risk, call me immediately.  Best",manager@corp.com,Medium
photos from the office party,"Hey, weekly newsletter: top 10 tech stories. photos from the office party Cheers",bank.alerts@bank.com,High
weekly newsletter: top 10 tech stories,"Good morning, 50% off sale this weekend only.",colleague@corp.com,Low
critical bug reported by customer,"Dear all, small thing but it needs sorting out before the deadline.  Regards",hr.dept@corp.com,High
exam rescheduled to tomorrow morning,"Hi, payment failed, action required today.  Best",client.rep@acme.com,High
could you check the attached spreadsheet,"Hello team, new task assigned to you in the tracker. assignment guidelines updated, take a look Regards",prof@university.edu,Medium
board meeting moved to tonight,"Good morning, quick note, when you get a moment, this is time sensitive.",boss@corp.com,High
assignment guidelines updated,"Hi, feedback requested on the draft proposal. please approve my leave request when free Thank you",boss@corp.com,Medium
your monthly statement is available,"Hello team, Webinar invitation: join our upcoming event.  Thanks",promo@shop.com,Low
interview scheduled tomorrow,"Good morning, interview scheduled tomorrow, confirm now. you may like these recommended products Cheers",hr.dept@corp.com,Medium
thanks for subscribing to our updates,"Hi, thanks for subscribing to our updates. thanks for subscribing to our updates",team@corp.com,Low
assignment guidelines updated,"Good morning, Following up on the earlier question about the budget. photos from the office party Cheers",manager@corp.com,Medium
critical bug reported by customer,"Board meeting moved to tonight, join now.  Regards",boss@corp.com,High
assignment guidelines updated,"Hey, Please approve my leave request when free!.  Thanks",manager@corp.com,Medium
can you share the project update this week,"Hi, new task assigned to you in the tracker. feedback requested on the draft proposal",ceo.office@corp.com,Medium
unsubscribe or manage your email preferences,"Hi, Last chance! sale ends today. thanks for subscribing to our updates",prof@university.edu,Low
following up on the earlier question about the bud,"Hello team, could you check the attached spreadsheet. security breach detected, respond immediately",hr.dept@corp.com,Medium
your monthly statement is available,"Hey, 50% off sale this weekend only. weekly newsletter: top 10 tech stories Thank you",manager@corp.com,Low
50% off sale this weekend only,"Hi, cafeteria lunch menu for next week.  Regards",no-reply@social.com,Low
exam rescheduled to tomorrow morning,"EXAM RESCHEDULED TO TOMORROW MORNING, PLEASE CONFIRM.  Cheers",bank.alerts@bank.com,High
overdue invoice,"Dear all, critical bug reported by customer, needs a patch urgently.  Best",colleague@corp.com,High
exam rescheduled to tomorrow morning,"Good morning, overdue invoice, final notice before suspension.",ceo.office@corp.com,High
could you check the attached spreadsheet,"Dear all, SHARING THE AGENDA FOR NEXT WEEK'S WORKSHOP.  Regards",colleague@corp.com,Medium
reminder: team sync on Thursday,"Hello team, Could you check the attached spreadsheet. unsubscribe or manage your email preferences Thanks",hr.dept@corp.com,Medium
cafeteria lunch menu for next week,"Good morning, webinar invitation: join our upcoming event. interview scheduled tomorrow, confirm now",promo@shop.com,Low
critical bug reported by customer,"overdue invoice, final notice before suspension.  Regards",bank.alerts@bank.com,High
can you share the project update this week,please approve my leave request when free.  Best,no-reply@social.com,Low
deadline is today,"Hi, critical bug reported by customer, needs a patch urgently.  Regards",offers@deals.com,High
critical bug reported by customer,"Good morning, Payment failed, action required today. your monthly statement is available",colleague@corp.com,High
can you share the project update this week,new task assigned to you in the tracker.,hr.dept@corp.com,Medium
interview scheduled tomorrow,"Dear all, PRODUCTION SERVER IS DOWN, NEED A FIX ASAP.  Regards",client.rep@acme.com,High
you may like these recommended products,Someone started following you.  Regards,promo@shop.com,Low
please approve my leave request when free,"Hello team, Reminder: team sync on thursday. security breach detected, respond immediately Thanks",bank.alerts@bank.com,Medium
exam rescheduled to tomorrow morning,"board meeting moved to tonight, join now. reminder: team sync on Thursday Cheers",colleague@corp.com,High
deadline is today,"security breach detected, respond immediately.  Best",colleague@corp.com,High
please approve my leave request when free,"Good morning, following up on the earlier question about the budget.",team@corp.com,Medium
reminder: team sync on Thursday,"Dear all, Sharing the agenda for next week's workshop!.  Cheers",hr.dept@corp.com,High
assignment guidelines updated,"Hey, please review the meeting notes by Friday.  Cheers",team@corp.com,Medium
sharing the agenda for next week's workshop,"Dear all, new task assigned to you in the tracker.  Regards",manager@corp.com,Medium
thanks for subscribing to our updates,someone started following you.  Cheers,bank.alerts@bank.com,High
client escalation: contract at risk,"Dear all, client escalation: contract at risk, call me immediately.  Regards",hr.dept@corp.com,Low
production server is down,"Dear all, quick note, when you get a moment, this is time sensitive.  Cheers",colleague@corp.com,High
please approve my leave request when free,"Hi, sharing the agenda for next week's workshop. please approve my leave request when free Cheers",hr.dept@corp.com,Medium
sharing the agenda for next week's workshop,"Hi, Feedback requested on the draft proposal. weekly newsletter: top 10 tech stories Regards",prof@university.edu,Medium
assignment guidelines updated,New task assigned to you in the tracker.  Cheers,no-reply@social.com,Medium
payment failed,"Dear all, CRITICAL BUG REPORTED BY CUSTOMER, NEEDS A PATCH URGENTLY.  Thanks",boss@corp.com,High
could you check the attached spreadsheet,"Dear all, reminder: team sync on Thursday.  Thank you",prof@university.edu,Medium
cafeteria lunch menu for next week,"Hi, thanks for subscribing to our updates.  Regards",offers@deals.com,Low
photos from the office party,50% off sale this weekend only. feedback requested on the draft proposal Cheers,team@corp.com,Low
someone started following you,"Good morning, Someone started following you.  Thank you",colleague@corp.com,Low
client escalation: contract at risk,"Hello team, Critical bug reported by customer, needs a patch urgently!.  Best",ceo.office@corp.com,High
sharing the agenda for next week's workshop,"Hey, Sharing the agenda for next week's workshop.",hr.dept@corp.com,Medium
webinar invitation: join our upcoming event,"Hello team, someone started following you.  Thanks",promo@shop.com,Low
critical bug reported by customer,"Hello team, quick note, when you get a moment, this is time sensitive.  Best",colleague@corp.com,High
webinar invitation: join our upcoming event,Small thing but it needs sorting out before the deadline.  Thank you,client.rep@acme.com,High
assignment guidelines updated,"Good morning, new task assigned to you in the tracker.  Regards",no-reply@social.com,Low
50% off sale this weekend only,"Good morning, 50% off sale this weekend only.  Regards",no-reply@social.com,Low
webinar invitation: join our upcoming event,50% off sale this weekend only.  Best,news@media.com,Low
photos from the office party,"Hey, thanks for subscribing to our updates. 50% off sale this weekend only",team@corp.com,Low
interview scheduled tomorrow,"Good morning, exam rescheduled to tomorrow morning, please confirm.  Cheers",colleague@corp.com,Medium
feedback requested on the draft proposal,"Hey, New task assigned to you in the tracker.  Thank you",colleague@corp.com,Medium
security breach detected,"Good morning, critical bug reported by customer, needs a patch urgently.  Regards",ceo.office@corp.com,High
your monthly statement is available,"Dear all, Unsubscribe or manage your email preferences.  Best",news@media.com,Low
reminder: team sync on Thursday,"Hello team, please review the meeting notes by Friday.  Best",manager@corp.com,Medium
weekly newsletter: top 10 tech stories,"Hello team, webinar invitation: join our upcoming event.  Best",colleague@corp.com,Medium
board meeting moved to tonight,"payment failed, action required today.",client.rep@acme.com,High
please review the meeting notes by Friday,"Hey, Could you check the attached spreadsheet.  Cheers",team@corp.com,Medium
cafeteria lunch menu for next week,"Hello team, webinar invitation: join our upcoming event. you may like these recommended products Thanks",colleague@corp.com,High
payment failed,"Hey, small thing but it needs sorting out before the deadline.  Thanks",client.rep@acme.com,High
you may like these recommended products,"Hey, webinar invitation: join our upcoming event.  Thanks",offers@deals.com,Low
client escalation: contract at risk,"Hello team, interview scheduled tomorrow, confirm now.  Cheers",colleague@corp.com,High
reminder: team sync on Thursday,please approve my leave request when free. thanks for subscribing to our updates Cheers,colleague@corp.com,Medium
following up on the earlier question about the bud,please approve my leave request when free. cafeteria lunch menu for next week Cheers,manager@corp.com,Medium
feedback requested on the draft proposal,"Hi, Action required: claim your free coupon now.  Best",hr.dept@corp.com,Low
weekly newsletter: top 10 tech stories,"Hey, Urgent!!! limited-time offer, act now. exam rescheduled to tomorrow morning, please confirm Cheers",offers@deals.com,High
interview scheduled tomorrow,"Hi, production server is down, need a fix ASAP.",ceo.office@corp.com,High
photos from the office party,"Good morning, Last chance! sale ends today. feedback requested on the draft proposal Thank you",no-reply@social.com,Low
sharing the agenda for next week's workshop,"Hi, new task assigned to you in the tracker.",client.rep@acme.com,Medium
board meeting moved to tonight,"Dear all, interview scheduled tomorrow, confirm now.  Thanks",manager@corp.com,High
please approve my leave request when free,"Hey, could you check the attached spreadsheet.  Best",team@corp.com,Medium
board meeting moved to tonight,"Good morning, Overdue invoice, final notice before suspension.  Thanks",ceo.office@corp.com,High
production server is down,"Hey, critical bug reported by customer, needs a patch urgently.",ceo.office@corp.com,High
board meeting moved to tonight,"Hello team, interview scheduled tomorrow, confirm now.  Cheers",ceo.office@corp.com,High
could you check the attached spreadsheet,"Hello team, please review the meeting notes by Friday.  Regards",manager@corp.com,Medium
cafeteria lunch menu for next week,YOU MAY LIKE THESE RECOMMENDED PRODUCTS.  Best,boss@corp.com,Low
please review the meeting notes by Friday,"Dear all, NEW TASK ASSIGNED TO YOU IN THE TRACKER.  Thank you",team@corp.com,Medium
you may like these recommended products,"Hi, Webinar invitation: join our upcoming event. could you check the attached spreadsheet Cheers",promo@shop.com,Low
cafeteria lunch menu for next week,"Hello team, Cafeteria lunch menu for next week!. feedback requested on the draft proposal Thank you",news@media.com,Low
cafeteria lunch menu for next week,"Dear all, thanks for subscribing to our updates.  Thanks",ceo.office@corp.com,High
exam rescheduled to tomorrow morning,"Good morning, payment failed, action required today. sharing the agenda for next week's workshop Cheers",bank.alerts@bank.com,High
photos from the office party,"Hey, your monthly statement is available.",prof@university.edu,Medium
unsubscribe or manage your email preferences,"Good morning, Action required: claim your free coupon now.  Thanks",news@media.com,Low
weekly newsletter: top 10 tech stories,"Dear all, your monthly statement is available.  Thanks",no-reply@social.com,Low
cafeteria lunch menu for next week,"Hey, you may like these recommended products.  Thank you",offers@deals.com,Low
webinar invitation: join our upcoming event,"Good morning, SOMEONE STARTED FOLLOWING YOU. interview scheduled tomorrow, confirm now Cheers",colleague@corp.com,Medium
reminder: team sync on Thursday,"Hey, could you check the attached spreadsheet.  Best",prof@university.edu,Medium
photos from the office party,"Dear all, weekly newsletter: top 10 tech stories.  Regards",offers@deals.com,Low
weekly newsletter: top 10 tech stories,"Good morning, unsubscribe or manage your email preferences.  Thank you",no-reply@social.com,Low
following up on the earlier question about the bud,"Dear all, reminder: team sync on Thursday. following up on the earlier question about the budget Thank you",ceo.office@corp.com,High
security breach detected,"Dear all, exam rescheduled to tomorrow morning, please confirm.",team@corp.com,High
reminder: team sync on Thursday,New task assigned to you in the tracker.,prof@university.edu,Medium
following up on the earlier question about the bud,"Good morning, Could you check the attached spreadsheet!.  Thanks",prof@university.edu,Medium
overdue invoice,"Hey, client escalation: contract at risk, call me immediately.",prof@university.edu,Medium
payment failed,"client escalation: contract at risk, call me immediately. your monthly statement is available Thanks",boss@corp.com,High
feedback requested on the draft proposal,"Hello team, following up on the earlier question about the budget.  Best",boss@corp.com,High
unsubscribe or manage your email preferences,Action required: claim your free coupon now.  Cheers,news@media.com,Low
deadline is today,"Hello team, Exam rescheduled to tomorrow morning, please confirm.  Thank you",team@corp.com,High
unsubscribe or manage your email preferences,Cafeteria lunch menu for next week!.  Thanks,news@media.com,Low
security breach detected,"Dear all, Quick note, when you get a moment, this is time sensitive.  Thank you",ceo.office@corp.com,High
50% off sale this weekend only,"Good morning, cafeteria lunch menu for next week.  Thanks",no-reply@social.com,Low
please review the meeting notes by Friday,"Hello team, please approve my leave request when free.  Thank you",promo@shop.com,Low
your monthly statement is available,"Hi, cafeteria lunch menu for next week.  Regards",no-reply@social.com,Low
please approve my leave request when free,"Dear all, could you check the attached spreadsheet. photos from the office party Regards",prof@university.edu,Medium
sharing the agenda for next week's workshop,"Hello team, PLEASE REVIEW THE MEETING NOTES BY FRIDAY.  Best",manager@corp.com,Medium
you may like these recommended products,"Good morning, your monthly statement is available.  Cheers",offers@deals.com,Medium
photos from the office party,"Dear all, LAST CHANCE! SALE ENDS TODAY.  Cheers",news@media.com,Low
thanks for subscribing to our updates,"Dear all, photos from the office party.  Regards",news@media.com,Low
deadline is today,"Dear all, overdue invoice, final notice before suspension.",boss@corp.com,High
could you check the attached spreadsheet,following up on the earlier question about the budget.  Regards,prof@university.edu,Medium
interview scheduled tomorrow,"Dear all, Client escalation: contract at risk, call me immediately!. unsubscribe or manage your email preferences Thanks",hr.dept@corp.com,High
please review the meeting notes by Friday,new task assigned to you in the tracker.  Regards,colleague@corp.com,Low
board meeting moved to tonight,"Dear all, deadline is today, submit the report by 5 PM.  Best",client.rep@acme.com,High
assignment guidelines updated,"Good morning, assignment guidelines updated, take a look.  Thank you",prof@university.edu,Medium
can you share the project update this week,"assignment guidelines updated, take a look.  Cheers",boss@corp.com,High
sharing the agenda for next week's workshop,"Please approve my leave request when free. payment failed, action required today Regards",manager@corp.com,Medium
interview scheduled tomorrow,"Dear all, small thing but it needs sorting out before the deadline. cafeteria lunch menu for next week Thanks",ceo.office@corp.com,High
please approve my leave request when free,"Hello team, feedback requested on the draft proposal.",hr.dept@corp.com,Medium
50% off sale this weekend only,"Hey, Urgent!!! limited-time offer, act now!.",team@corp.com,Low
client escalation: contract at risk,"Hi, security breach detected, respond immediately.  Thanks",team@corp.com,High
50% off sale this weekend only,"Good morning, WEEKLY NEWSLETTER: TOP 10 TECH STORIES. sharing the agenda for next week's workshop Cheers",colleague@corp.com,Low
someone started following you,"Hey, URGENT!!! LIMITED-TIME OFFER, ACT NOW. your monthly statement is available Thanks",offers@deals.com,Low
please review the meeting notes by Friday,"ASSIGNMENT GUIDELINES UPDATED, TAKE A LOOK. can you share the project update this week Thank you",manager@corp.com,Medium
50% off sale this weekend only,"Dear all, webinar invitation: join our upcoming event. weekly newsletter: top 10 tech stories",no-reply@social.com,Low
you may like these recommended products,"Hello team, cafeteria lunch menu for next week.  Thank you",hr.dept@corp.com,Low
client escalation: contract at risk,"Good morning, small thing but it needs sorting out before the deadline. reminder: team sync on Thursday Regards",colleague@corp.com,High
interview scheduled tomorrow,"Hey, security breach detected, respond immediately. new task assigned to you in the tracker Cheers",ceo.office@corp.com,High
reminder: team sync on Thursday,"Good morning, Please review the meeting notes by friday.  Thanks",prof@university.edu,Medium
sharing the agenda for next week's workshop,New task assigned to you in the tracker.,team@corp.com,Medium
feedback requested on the draft proposal,please review the meeting notes by Friday.,hr.dept@corp.com,Medium
payment failed,"Dear all, overdue invoice, final notice before suspension.  Regards",colleague@corp.com,High
reminder: team sync on Thursday,"Hey, Please review the meeting notes by friday.  Regards",team@corp.com,Medium
assignment guidelines updated,"Hi, ASSIGNMENT GUIDELINES UPDATED, TAKE A LOOK. reminder: team sync on Thursday Best",hr.dept@corp.com,Medium
thanks for subscribing to our updates,"Good morning, 50% off sale this weekend only.  Thanks",promo@shop.com,Low
following up on the earlier question about the bud,"Dear all, new task assigned to you in the tracker.  Regards",colleague@corp.com,Medium
assignment guidelines updated,"Dear all, can you share the project update this week. please approve my leave request when free Regards",manager@corp.com,High
you may like these recommended products,WEEKLY NEWSLETTER: TOP 10 TECH STORIES.,hr.dept@corp.com,High
security breach detected,"Hey, client escalation: contract at risk, call me immediately. client escalation: contract at risk, call me immediately Cheers",colleague@corp.com,High
please review the meeting notes by Friday,"Hello team, Reminder: team sync on thursday.  Thank you",manager@corp.com,Medium
security breach detected,"Hi, client escalation: contract at risk, call me immediately.  Regards",ceo.office@corp.com,High
your monthly statement is available,"Dear all, cafeteria lunch menu for next week.  Thank you",team@corp.com,Low
client escalation: contract at risk,"Hello team, small thing but it needs sorting out before the deadline.  Regards",bank.alerts@bank.com,Low
please approve my leave request when free,"Dear all, sharing the agenda for next week's workshop.  Thanks",team@corp.com,Low
50% off sale this weekend only,"Hey, YOUR MONTHLY STATEMENT IS AVAILABLE.  Regards",team@corp.com,Low
assignment guidelines updated,"Hi, Sharing the agenda for next week's workshop. production server is down, need a fix ASAP Regards",colleague@corp.com,Medium
thanks for subscribing to our updates,Cafeteria lunch menu for next week.  Thanks,team@corp.com,Low
interview scheduled tomorrow,"Hi, Quick note, when you get a moment, this is time sensitive!.  Thank you",ceo.office@corp.com,Medium
board meeting moved to tonight,"Hi, exam rescheduled to tomorrow morning, please confirm.  Best",ceo.office@corp.com,Low
someone started following you,"Dear all, weekly newsletter: top 10 tech stories.  Regards",offers@deals.com,Low
your monthly statement is available,unsubscribe or manage your email preferences.  Regards,offers@deals.com,Low
interview scheduled tomorrow,"Dear all, quick note, when you get a moment, this is time sensitive.  Best",boss@corp.com,High
could you check the attached spreadsheet,"Hello team, FEEDBACK REQUESTED ON THE DRAFT PROPOSAL.",hr.dept@corp.com,Medium
feedback requested on the draft proposal,"Hi, please review the meeting notes by Friday.  Regards",colleague@corp.com,Medium
interview scheduled tomorrow,"Good morning, overdue invoice, final notice before suspension.  Thanks",colleague@corp.com,High
interview scheduled tomorrow,"security breach detected, respond immediately.  Thank you",colleague@corp.com,High
unsubscribe or manage your email preferences,"Hi, someone started following you. board meeting moved to tonight, join now Regards",news@media.com,Low
could you check the attached spreadsheet,"Hello team, new task assigned to you in the tracker. your monthly statement is available",no-reply@social.com,Medium
unsubscribe or manage your email preferences,"Hi, URGENT!!! limited-time offer, act now.",no-reply@social.com,Low
overdue invoice,"Good morning, security breach detected, respond immediately. your monthly statement is available Thank you",colleague@corp.com,High
new task assigned to you in the tracker,"Good morning, Please review the meeting notes by friday.  Thank you",bank.alerts@bank.com,High
photos from the office party,"Hi, Last chance! sale ends today.",colleague@corp.com,Low
photos from the office party,"Good morning, you may like these recommended products.",promo@shop.com,Low
can you share the project update this week,FEEDBACK REQUESTED ON THE DRAFT PROPOSAL.,offers@deals.com,Low
photos from the office party,"Hello team, thanks for subscribing to our updates.  Best",promo@shop.com,Low
assignment guidelines updated,"Hello team, feedback requested on the draft proposal.",colleague@corp.com,Medium
your monthly statement is available,"Good morning, Action required: claim your free coupon now.",boss@corp.com,Low
thanks for subscribing to our updates,50% off sale this weekend only.  Cheers,team@corp.com,Low
unsubscribe or manage your email preferences,"Good morning, cafeteria lunch menu for next week.  Cheers",promo@shop.com,Low
payment failed,"OVERDUE INVOICE, FINAL NOTICE BEFORE SUSPENSION.  Best",hr.dept@corp.com,High
50% off sale this weekend only,you may like these recommended products. please approve my leave request when free Best,colleague@corp.com,Low
photos from the office party,"Dear all, 50% off sale this weekend only.  Regards",offers@deals.com,Low
payment failed,"Hello team, OVERDUE INVOICE, FINAL NOTICE BEFORE SUSPENSION.  Regards",boss@corp.com,High
exam rescheduled to tomorrow morning,"Good morning, interview scheduled tomorrow, confirm now.  Cheers",bank.alerts@bank.com,High
you may like these recommended products,"Hello team, webinar invitation: join our upcoming event.  Regards",offers@deals.com,Low
overdue invoice,"Dear all, Payment failed, action required today.  Thanks",ceo.office@corp.com,High
weekly newsletter: top 10 tech stories,"Dear all, Someone started following you!.  Cheers",team@corp.com,Low
reminder: team sync on Thursday,"Hi, assignment guidelines updated, take a look.  Cheers",colleague@corp.com,Medium
your monthly statement is available,weekly newsletter: top 10 tech stories.  Best,promo@shop.com,Low
unsubscribe or manage your email preferences,"Dear all, PHOTOS FROM THE OFFICE PARTY.  Thank you",no-reply@social.com,Low
please review the meeting notes by Friday,"Hey, sharing the agenda for next week's workshop.  Best",hr.dept@corp.com,Medium
security breach detected,"Dear all, Critical bug reported by customer, needs a patch urgently!.  Cheers",boss@corp.com,High
deadline is today,"Hi, board meeting moved to tonight, join now.  Thank you",bank.alerts@bank.com,High
unsubscribe or manage your email preferences,"Good morning, Photos from the office party. sharing the agenda for next week's workshop Thanks",team@corp.com,Low
production server is down,"Hello team, critical bug reported by customer, needs a patch urgently.  Regards",hr.dept@corp.com,High
reminder: team sync on Thursday,Can you share the project update this week.  Regards,manager@corp.com,Medium
weekly newsletter: top 10 tech stories,"Hi, you may like these recommended products.",team@corp.com,Low
unsubscribe or manage your email preferences,thanks for subscribing to our updates.  Cheers,hr.dept@corp.com,Medium
new task assigned to you in the tracker,"Good morning, following up on the earlier question about the budget. deadline is today, submit the report by 5 PM Cheers",hr.dept@corp.com,Medium
payment failed,"Hey, exam rescheduled to tomorrow morning, please confirm. board meeting moved to tonight, join now",prof@university.edu,High
security breach detected,"Hi, small thing but it needs sorting out before the deadline.  Best",client.rep@acme.com,High
unsubscribe or manage your email preferences,"Hi, THANKS FOR SUBSCRIBING TO OUR UPDATES.  Thank you",promo@shop.com,Low
exam rescheduled to tomorrow morning,"exam rescheduled to tomorrow morning, please confirm.  Regards",hr.dept@corp.com,High
following up on the earlier question about the bud,"Hello team, COULD YOU CHECK THE ATTACHED SPREADSHEET.  Best",team@corp.com,Medium
unsubscribe or manage your email preferences,"Hi, Last chance! sale ends today.  Thank you",promo@shop.com,Low
exam rescheduled to tomorrow morning,"Good morning, Last chance! sale ends today!.  Thank you",news@media.com,Low
weekly newsletter: top 10 tech stories,"Hello team, Someone started following you.  Regards",ceo.office@corp.com,Low
photos from the office party,"Hello team, Photos from the office party!. new task assigned to you in the tracker Best",client.rep@acme.com,Low
following up on the earlier question about the bud,"Hey, PLEASE REVIEW THE MEETING NOTES BY FRIDAY. security breach detected, respond immediately Thank you",news@media.com,Low
assignment guidelines updated,"Hi, COULD YOU CHECK THE ATTACHED SPREADSHEET. cafeteria lunch menu for next week Thank you",manager@corp.com,Medium
critical bug reported by customer,"Hey, security breach detected, respond immediately.",client.rep@acme.com,High
reminder: team sync on Thursday,sharing the agenda for next week's workshop. someone started following you Thanks,colleague@corp.com,Medium
sharing the agenda for next week's workshop,"Hi, Sharing the agenda for next week's workshop.  Thanks",boss@corp.com,Medium
reminder: team sync on Thursday,"Hey, please review the meeting notes by Friday.  Regards",colleague@corp.com,Medium
deadline is today,"Good morning, board meeting moved to tonight, join now. cafeteria lunch menu for next week",bank.alerts@bank.com,High
can you share the project update this week,"Dear all, sharing the agenda for next week's workshop.  Thank you",prof@university.edu,Medium
weekly newsletter: top 10 tech stories,"Hi, Last chance! sale ends today. new task assigned to you in the tracker Thank you",offers@deals.com,Low
following up on the earlier question about the bud,"Good morning, feedback requested on the draft proposal.  Thank you",manager@corp.com,Medium
could you check the attached spreadsheet,"Hey, sharing the agenda for next week's workshop.  Best",manager@corp.com,Medium
client escalation: contract at risk,"Hey, exam rescheduled to tomorrow morning, please confirm.",bank.alerts@bank.com,High
weekly newsletter: top 10 tech stories,"Good morning, Action required: claim your free coupon now!.  Thank you",colleague@corp.com,Low
assignment guidelines updated,"Dear all, PLEASE REVIEW THE MEETING NOTES BY FRIDAY.",prof@university.edu,Medium
webinar invitation: join our upcoming event,"Hi, Webinar invitation: join our upcoming event. feedback requested on the draft proposal",news@media.com,Low
thanks for subscribing to our updates,"Hello team, webinar invitation: join our upcoming event.  Regards",no-reply@social.com,Low
could you check the attached spreadsheet,"Hi, could you check the attached spreadsheet. board meeting moved to tonight, join now Thank you",colleague@corp.com,Medium
you may like these recommended products,"Hi, URGENT!!! LIMITED-TIME OFFER, ACT NOW.  Thank you",news@media.com,Low
client escalation: contract at risk,"Hey, CLIENT ESCALATION: CONTRACT AT RISK, CALL ME IMMEDIATELY.  Regards",colleague@corp.com,High
feedback requested on the draft proposal,sharing the agenda for next week's workshop.  Regards,team@corp.com,Medium
assignment guidelines updated,"Good morning, NEW TASK ASSIGNED TO YOU IN THE TRACKER.  Regards",team@corp.com,Medium
deadline is today,"Good morning, deadline is today, submit the report by 5 PM. feedback requested on the draft proposal Cheers",hr.dept@corp.com,High
could you check the attached spreadsheet,please approve my leave request when free.  Thank you,prof@university.edu,Medium
reminder: team sync on Thursday,"Hi, PLEASE REVIEW THE MEETING NOTES BY FRIDAY.  Best",hr.dept@corp.com,Medium
50% off sale this weekend only,"Dear all, someone started following you.  Regards",colleague@corp.com,Medium
critical bug reported by customer,"Hello team, interview scheduled tomorrow, confirm now. you may like these recommended products Cheers",colleague@corp.com,High
photos from the office party,"Hey, Action required: claim your free coupon now.  Best",offers@deals.com,Low
critical bug reported by customer,"Hi, Security breach detected, respond immediately.  Thanks",ceo.office@corp.com,High
weekly newsletter: top 10 tech stories,"Hi, thanks for subscribing to our updates.  Regards",hr.dept@corp.com,Low
50% off sale this weekend only,"Hey, webinar invitation: join our upcoming event. deadline is today, submit the report by 5 PM Thank you",team@corp.com,Low
new task assigned to you in the tracker,"Hey, sharing the agenda for next week's workshop. unsubscribe or manage your email preferences Regards",hr.dept@corp.com,Medium
your monthly statement is available,"Hi, cafeteria lunch menu for next week.  Thank you",team@corp.com,Low
unsubscribe or manage your email preferences,"Hey, your monthly statement is available. could you check the attached spreadsheet Regards",team@corp.com,Low
board meeting moved to tonight,"Hey, board meeting moved to tonight, join now.  Thank you",colleague@corp.com,High
overdue invoice,"Good morning, Interview scheduled tomorrow, confirm now.  Thank you",ceo.office@corp.com,High
overdue invoice,"Hi, small thing but it needs sorting out before the deadline.",boss@corp.com,High
new task assigned to you in the tracker,"Hi, please review the meeting notes by Friday.  Thank you",team@corp.com,Medium
weekly newsletter: top 10 tech stories,"Good morning, 50% OFF SALE THIS WEEKEND ONLY.  Thank you",news@media.com,Low
please approve my leave request when free,"Dear all, Can you share the project update this week. production server is down, need a fix ASAP Regards",team@corp.com,Medium
board meeting moved to tonight,"Hi, DEADLINE IS TODAY, SUBMIT THE REPORT BY 5 PM.",ceo.office@corp.com,High
payment failed,"Dear all, Deadline is today, submit the report by 5 pm.  Cheers",hr.dept@corp.com,High
interview scheduled tomorrow,"Good morning, Payment failed, action required today.",ceo.office@corp.com,High
sharing the agenda for next week's workshop,"Good morning, Sharing the agenda for next week's workshop.  Thank you",news@media.com,Low
assignment guidelines updated,"New task assigned to you in the tracker. payment failed, action required today Thank you",no-reply@social.com,Medium
following up on the earlier question about the bud,"Hello team, feedback requested on the draft proposal.  Regards",hr.dept@corp.com,Medium
can you share the project update this week,"Hello team, new task assigned to you in the tracker.  Best",colleague@corp.com,Medium
critical bug reported by customer,"Good morning, interview scheduled tomorrow, confirm now.",offers@deals.com,High
webinar invitation: join our upcoming event,"Hi, webinar invitation: join our upcoming event. overdue invoice, final notice before suspension Cheers",bank.alerts@bank.com,Low
security breach detected,"Hello team, client escalation: contract at risk, call me immediately.  Best",hr.dept@corp.com,Medium
board meeting moved to tonight,"Good morning, Interview scheduled tomorrow, confirm now!.  Thanks",hr.dept@corp.com,High
photos from the office party,"Hello team, 50% off sale this weekend only.  Thanks",promo@shop.com,Low
cafeteria lunch menu for next week,you may like these recommended products. sharing the agenda for next week's workshop,offers@deals.com,Low
thanks for subscribing to our updates,"Good morning, you may like these recommended products.  Thank you",promo@shop.com,Low
50% off sale this weekend only,"Dear all, your monthly statement is available.  Thanks",team@corp.com,Low
50% off sale this weekend only,"Hey, Action required: claim your free coupon now.  Thank you",offers@deals.com,Low
please review the meeting notes by Friday,"Hi, please review the meeting notes by Friday.  Regards",manager@corp.com,Medium
payment failed,"Hey, client escalation: contract at risk, call me immediately.  Thanks",client.rep@acme.com,High
client escalation: contract at risk,"Hello team, QUICK NOTE, WHEN YOU GET A MOMENT, THIS IS TIME SENSITIVE.",bank.alerts@bank.com,High
overdue invoice,"Hi, payment failed, action required today.",boss@corp.com,Low
webinar invitation: join our upcoming event,"Last chance! sale ends today. client escalation: contract at risk, call me immediately",boss@corp.com,Low
sharing the agenda for next week's workshop,"Hi, following up on the earlier question about the budget.  Best",hr.dept@corp.com,Medium
payment failed,"Hello team, DEADLINE IS TODAY, SUBMIT THE REPORT BY 5 PM.  Thank you",ceo.office@corp.com,High
could you check the attached spreadsheet,"Dear all, new task assigned to you in the tracker. someone started following you Cheers",prof@university.edu,Medium
feedback requested on the draft proposal,"Dear all, please approve my leave request when free.  Cheers",hr.dept@corp.com,High
critical bug reported by customer,"Exam rescheduled to tomorrow morning, please confirm. can you share the project update this week Regards",colleague@corp.com,High
could you check the attached spreadsheet,"Hey, Please approve my leave request when free.  Cheers",hr.dept@corp.com,Medium
photos from the office party,"Good morning, 50% off sale this weekend only.",promo@shop.com,Low
deadline is today,"Dear all, small thing but it needs sorting out before the deadline. you may like these recommended products Regards",bank.alerts@bank.com,High
production server is down,"payment failed, action required today. assignment guidelines updated, take a look",hr.dept@corp.com,High
sharing the agenda for next week's workshop,"Hello team, sharing the agenda for next week's workshop.  Thanks",team@corp.com,Medium
sharing the agenda for next week's workshop,"Hello team, Following up on the earlier question about the budget. critical bug reported by customer, needs a patch urgently Cheers",team@corp.com,Medium
board meeting moved to tonight,"Dear all, board meeting moved to tonight, join now.  Thanks",no-reply@social.com,Low
sharing the agenda for next week's workshop,can you share the project update this week.  Cheers,prof@university.edu,Medium
interview scheduled tomorrow,"Hey, payment failed, action required today.  Best",client.rep@acme.com,High
thanks for subscribing to our updates,cafeteria lunch menu for next week.  Regards,promo@shop.com,Low
your monthly statement is available,"Hey, thanks for subscribing to our updates. deadline is today, submit the report by 5 PM Best",offers@deals.com,Low
unsubscribe or manage your email preferences,"Good morning, photos from the office party.  Regards",manager@corp.com,Medium
please review the meeting notes by Friday,Please approve my leave request when free!.  Regards,bank.alerts@bank.com,Low
assignment guidelines updated,"Dear all, following up on the earlier question about the budget.  Best",colleague@corp.com,Medium
reminder: team sync on Thursday,"Dear all, assignment guidelines updated, take a look. production server is down, need a fix ASAP",hr.dept@corp.com,High
please approve my leave request when free,"Hi, feedback requested on the draft proposal.  Thank you",colleague@corp.com,Medium
thanks for subscribing to our updates,"Good morning, Weekly newsletter: top 10 tech stories!.",team@corp.com,Low
can you share the project update this week,"reminder: team sync on Thursday. interview scheduled tomorrow, confirm now Best",manager@corp.com,Medium
exam rescheduled to tomorrow morning,"Dear all, deadline is today, submit the report by 5 PM.",ceo.office@corp.com,High
unsubscribe or manage your email preferences,"Good morning, Last chance! sale ends today. payment failed, action required today Regards",team@corp.com,Low
exam rescheduled to tomorrow morning,"Hello team, OVERDUE INVOICE, FINAL NOTICE BEFORE SUSPENSION. payment failed, action required today Thanks",team@corp.com,Medium
interview scheduled tomorrow,"Dear all, board meeting moved to tonight, join now.  Thank you",ceo.office@corp.com,High
cafeteria lunch menu for next week,"Hello team, unsubscribe or manage your email preferences. can you share the project update this week Best",news@media.com,Low
your monthly statement is available,"Hello team, thanks for subscribing to our updates. reminder: team sync on Thursday Cheers",team@corp.com,Low
deadline is today,"Good morning, Overdue invoice, final notice before suspension.  Regards",ceo.office@corp.com,High
exam rescheduled to tomorrow morning,"security breach detected, respond immediately.  Regards",bank.alerts@bank.com,High
exam rescheduled to tomorrow morning,"Dear all, exam rescheduled to tomorrow morning, please confirm.  Thank you",manager@corp.com,Medium
thanks for subscribing to our updates,"Dear all, Last chance! sale ends today.  Thanks",offers@deals.com,Low
thanks for subscribing to our updates,"Good morning, Someone started following you!.  Thank you",bank.alerts@bank.com,Low
cafeteria lunch menu for next week,"Dear all, cafeteria lunch menu for next week.  Best",no-reply@social.com,Low
exam rescheduled to tomorrow morning,"Hey, Critical bug reported by customer, needs a patch urgently.  Best",hr.dept@corp.com,High
deadline is today,"board meeting moved to tonight, join now.  Best",ceo.office@corp.com,High
weekly newsletter: top 10 tech stories,"Dear all, 50% off sale this weekend only.  Thanks",team@corp.com,Low
interview scheduled tomorrow,"Dear all, payment failed, action required today.",no-reply@social.com,High
client escalation: contract at risk,"Hey, EXAM RESCHEDULED TO TOMORROW MORNING, PLEASE CONFIRM.  Cheers",team@corp.com,High
interview scheduled tomorrow,"Good morning, OVERDUE INVOICE, FINAL NOTICE BEFORE SUSPENSION.  Thanks",no-reply@social.com,High
board meeting moved to tonight,"production server is down, need a fix ASAP.  Thanks",bank.alerts@bank.com,High
security breach detected,"Hi, payment failed, action required today.  Regards",colleague@corp.com,High
photos from the office party,"Hello team, Weekly newsletter: top 10 tech stories.  Thank you",no-reply@social.com,Low
can you share the project update this week,please approve my leave request when free.  Thank you,colleague@corp.com,Medium
reminder: team sync on Thursday,"Hey, reminder: team sync on Thursday. interview scheduled tomorrow, confirm now Regards",prof@university.edu,Medium
your monthly statement is available,cafeteria lunch menu for next week.,boss@corp.com,Low
interview scheduled tomorrow,"Hello team, quick note, when you get a moment, this is time sensitive.  Thank you",colleague@corp.com,High
overdue invoice,"Good morning, board meeting moved to tonight, join now.",news@media.com,High
could you check the attached spreadsheet,"Hey, new task assigned to you in the tracker.  Regards",hr.dept@corp.com,Medium
feedback requested on the draft proposal,"Hello team, Following up on the earlier question about the budget.  Best",team@corp.com,Medium
payment failed,"Hi, interview scheduled tomorrow, confirm now.  Thanks",offers@deals.com,High
50% off sale this weekend only,"Hello team, webinar invitation: join our upcoming event.  Best",offers@deals.com,Low
50% off sale this weekend only,someone started following you.  Regards,promo@shop.com,Low
your monthly statement is available,"Hey, You may like these recommended products!. security breach detected, respond immediately Cheers",colleague@corp.com,Low
someone started following you,"Good morning, cafeteria lunch menu for next week.  Thank you",prof@university.edu,Low
security breach detected,"Hi, security breach detected, respond immediately.  Regards",bank.alerts@bank.com,High
cafeteria lunch menu for next week,"Good morning, URGENT!!! limited-time offer, act now.  Cheers",news@media.com,Low
production server is down,"Good morning, overdue invoice, final notice before suspension.  Best",hr.dept@corp.com,High
50% off sale this weekend only,"Hey, you may like these recommended products.  Thanks",news@media.com,Low
unsubscribe or manage your email preferences,PHOTOS FROM THE OFFICE PARTY.  Regards,colleague@corp.com,Low
production server is down,"Hi, Interview scheduled tomorrow, confirm now. new task assigned to you in the tracker Thank you",bank.alerts@bank.com,High
could you check the attached spreadsheet,"Good morning, could you check the attached spreadsheet.  Thank you",hr.dept@corp.com,Medium
50% off sale this weekend only,"Dear all, webinar invitation: join our upcoming event. production server is down, need a fix ASAP",offers@deals.com,Low
sharing the agenda for next week's workshop,"Dear all, COULD YOU CHECK THE ATTACHED SPREADSHEET.  Thank you",colleague@corp.com,Medium
unsubscribe or manage your email preferences,"Hi, Webinar invitation: join our upcoming event. weekly newsletter: top 10 tech stories Cheers",team@corp.com,Low
can you share the project update this week,"Hey, reminder: team sync on Thursday.  Regards",hr.dept@corp.com,High
cafeteria lunch menu for next week,"Dear all, photos from the office party.  Best",no-reply@social.com,Low
security breach detected,"quick note, when you get a moment, this is time sensitive.  Regards",colleague@corp.com,High
can you share the project update this week,"Good morning, please approve my leave request when free. client escalation: contract at risk, call me immediately Cheers",team@corp.com,Medium
assignment guidelines updated,"Good morning, assignment guidelines updated, take a look.  Thank you",team@corp.com,Medium
exam rescheduled to tomorrow morning,"Dear all, CRITICAL BUG REPORTED BY CUSTOMER, NEEDS A PATCH URGENTLY.  Regards",colleague@corp.com,High
50% off sale this weekend only,"Dear all, WEBINAR INVITATION: JOIN OUR UPCOMING EVENT.  Cheers",prof@university.edu,Low
webinar invitation: join our upcoming event,"Dear all, Last chance! sale ends today.  Regards",offers@deals.com,Low
thanks for subscribing to our updates,"Hi, photos from the office party.  Cheers",no-reply@social.com,Low
security breach detected,"Security breach detected, respond immediately.  Best",boss@corp.com,High
new task assigned to you in the tracker,"Hi, FOLLOWING UP ON THE EARLIER QUESTION ABOUT THE BUDGET. board meeting moved to tonight, join now Best",team@corp.com,High
you may like these recommended products,"Hey, webinar invitation: join our upcoming event.  Best",no-reply@social.com,Low
webinar invitation: join our upcoming event,"Hi, photos from the office party.  Cheers",prof@university.edu,Medium
you may like these recommended products,"Hi, photos from the office party.  Thanks",ceo.office@corp.com,Low
payment failed,"Good morning, small thing but it needs sorting out before the deadline.",ceo.office@corp.com,High
feedback requested on the draft proposal,could you check the attached spreadsheet.  Thanks,bank.alerts@bank.com,Medium
board meeting moved to tonight,"Hi, critical bug reported by customer, needs a patch urgently.  Regards",promo@shop.com,High
deadline is today,"Hello team, PAYMENT FAILED, ACTION REQUIRED TODAY.  Thank you",hr.dept@corp.com,High
deadline is today,"Dear all, INTERVIEW SCHEDULED TOMORROW, CONFIRM NOW.  Cheers",client.rep@acme.com,High
thanks for subscribing to our updates,"Hello team, Weekly newsletter: top 10 tech stories.  Thank you",hr.dept@corp.com,Low
50% off sale this weekend only,"Good morning, your monthly statement is available.  Best",team@corp.com,Low
overdue invoice,"deadline is today, submit the report by 5 PM.  Thanks",hr.dept@corp.com,High
feedback requested on the draft proposal,FEEDBACK REQUESTED ON THE DRAFT PROPOSAL.  Thanks,prof@university.edu,Medium
weekly newsletter: top 10 tech stories,"Hi, you may like these recommended products.  Regards",no-reply@social.com,Low
someone started following you,"Hello team, Photos from the office party!.  Cheers",team@corp.com,Low
could you check the attached spreadsheet,"Good morning, Could you check the attached spreadsheet.",colleague@corp.com,Medium
someone started following you,"Good morning, LAST CHANCE! SALE ENDS TODAY.  Thanks",colleague@corp.com,Low
weekly newsletter: top 10 tech stories,"Good morning, Cafeteria lunch menu for next week.  Cheers",news@media.com,Low
security breach detected,"Hi, exam rescheduled to tomorrow morning, please confirm.  Thanks",team@corp.com,High
please review the meeting notes by Friday,"Hello team, Reminder: team sync on thursday.  Best",colleague@corp.com,Medium
can you share the project update this week,"Hello team, please approve my leave request when free. client escalation: contract at risk, call me immediately Thanks",colleague@corp.com,Medium
please review the meeting notes by Friday,feedback requested on the draft proposal.  Cheers,hr.dept@corp.com,Medium
new task assigned to you in the tracker,following up on the earlier question about the budget.  Cheers,colleague@corp.com,Medium
client escalation: contract at risk,"Hey, exam rescheduled to tomorrow morning, please confirm. please review the meeting notes by Friday",colleague@corp.com,High
board meeting moved to tonight,"Quick note, when you get a moment, this is time sensitive.  Thanks",ceo.office@corp.com,High
can you share the project update this week,"Hey, feedback requested on the draft proposal.  Thank you",boss@corp.com,Medium
client escalation: contract at risk,"Hello team, board meeting moved to tonight, join now.  Thank you",bank.alerts@bank.com,High
feedback requested on the draft proposal,"Good morning, following up on the earlier question about the budget.  Regards",news@media.com,Low
new task assigned to you in the tracker,"Hello team, Can you share the project update this week.  Best",offers@deals.com,Low
someone started following you,"Dear all, unsubscribe or manage your email preferences.  Regards",news@media.com,Low
thanks for subscribing to our updates,"Hey, Photos from the office party.  Best",promo@shop.com,Low
security breach detected,"Dear all, small thing but it needs sorting out before the deadline.  Best",client.rep@acme.com,High
exam rescheduled to tomorrow morning,"Dear all, deadline is today, submit the report by 5 PM.  Best",bank.alerts@bank.com,High
unsubscribe or manage your email preferences,"Hello team, URGENT!!! limited-time offer, act now.  Thank you",no-reply@social.com,Low
production server is down,"Hello team, interview scheduled tomorrow, confirm now.  Thank you",colleague@corp.com,High
can you share the project update this week,"Good morning, Could you check the attached spreadsheet!.  Thank you",prof@university.edu,Medium
can you share the project update this week,"Hey, new task assigned to you in the tracker.",manager@corp.com,Medium
cafeteria lunch menu for next week,50% off sale this weekend only. new task assigned to you in the tracker Thanks,no-reply@social.com,Low
you may like these recommended products,"Hi, cafeteria lunch menu for next week.  Cheers",promo@shop.com,Low
can you share the project update this week,"can you share the project update this week. production server is down, need a fix ASAP Cheers",hr.dept@corp.com,Medium
new task assigned to you in the tracker,"assignment guidelines updated, take a look.  Thanks",prof@university.edu,Medium
board meeting moved to tonight,"Dear all, overdue invoice, final notice before suspension.",client.rep@acme.com,High
could you check the attached spreadsheet,"Good morning, please approve my leave request when free.  Thank you",team@corp.com,Medium
you may like these recommended products,You may like these recommended products.  Regards,promo@shop.com,Low
following up on the earlier question about the bud,"Dear all, reminder: team sync on Thursday.  Thanks",manager@corp.com,Medium
please review the meeting notes by Friday,"Assignment guidelines updated, take a look. your monthly statement is available Regards",manager@corp.com,Medium
sharing the agenda for next week's workshop,"Hello team, feedback requested on the draft proposal.  Cheers",team@corp.com,Medium
board meeting moved to tonight,"Good morning, overdue invoice, final notice before suspension.  Cheers",ceo.office@corp.com,High
feedback requested on the draft proposal,"Hi, can you share the project update this week.  Thanks",prof@university.edu,Medium
interview scheduled tomorrow,"Hi, board meeting moved to tonight, join now.",bank.alerts@bank.com,High
webinar invitation: join our upcoming event,Your monthly statement is available!.  Best,offers@deals.com,Low
someone started following you,"Good morning, someone started following you.  Regards",team@corp.com,High
following up on the earlier question about the bud,"Hey, please approve my leave request when free.  Thanks",colleague@corp.com,Medium
feedback requested on the draft proposal,"Good morning, REMINDER: TEAM SYNC ON THURSDAY.",team@corp.com,Medium
cafeteria lunch menu for next week,"Hi, cafeteria lunch menu for next week.  Thank you",no-reply@social.com,Low
please review the meeting notes by Friday,"Good morning, sharing the agenda for next week's workshop. someone started following you Thanks",offers@deals.com,Low
could you check the attached spreadsheet,"Good morning, feedback requested on the draft proposal.  Best",offers@deals.com,Low
board meeting moved to tonight,"Hello team, security breach detected, respond immediately.  Thank you",news@media.com,Low
could you check the attached spreadsheet,"Good morning, NEW TASK ASSIGNED TO YOU IN THE TRACKER.  Best",manager@corp.com,Medium
overdue invoice,"Hi, Exam rescheduled to tomorrow morning, please confirm. overdue invoice, final notice before suspension Regards",colleague@corp.com,High
photos from the office party,You may like these recommended products!.,manager@corp.com,Medium
can you share the project update this week,feedback requested on the draft proposal.  Best,client.rep@acme.com,High
interview scheduled tomorrow,"Hi, Production server is down, need a fix asap.",bank.alerts@bank.com,High
critical bug reported by customer,"production server is down, need a fix ASAP.  Best",ceo.office@corp.com,High
assignment guidelines updated,"Hi, reminder: team sync on Thursday.  Best",colleague@corp.com,Medium
overdue invoice,"Hi, critical bug reported by customer, needs a patch urgently.  Thank you",hr.dept@corp.com,Medium
reminder: team sync on Thursday,"Hey, Following up on the earlier question about the budget!.  Cheers",offers@deals.com,Low
please review the meeting notes by Friday,"Hey, sharing the agenda for next week's workshop.  Best",manager@corp.com,Medium
webinar invitation: join our upcoming event,"Good morning, someone started following you. new task assigned to you in the tracker",promo@shop.com,Low
sharing the agenda for next week's workshop,reminder: team sync on Thursday.,team@corp.com,Medium
someone started following you,"Hello team, PHOTOS FROM THE OFFICE PARTY.  Regards",news@media.com,Low
50% off sale this weekend only,someone started following you.  Thank you,hr.dept@corp.com,Low
overdue invoice,"Dear all, CRITICAL BUG REPORTED BY CUSTOMER, NEEDS A PATCH URGENTLY. cafeteria lunch menu for next week Thank you",ceo.office@corp.com,High
board meeting moved to tonight,"Quick note, when you get a moment, this is time sensitive.  Thank you",hr.dept@corp.com,High
following up on the earlier question about the bud,"Hello team, COULD YOU CHECK THE ATTACHED SPREADSHEET.  Best",manager@corp.com,Medium
you may like these recommended products,your monthly statement is available.  Cheers,prof@university.edu,Medium
please review the meeting notes by Friday,"Good morning, could you check the attached spreadsheet.  Regards",colleague@corp.com,Medium
someone started following you,"Hello team, thanks for subscribing to our updates.  Thanks",offers@deals.com,Low
critical bug reported by customer,"critical bug reported by customer, needs a patch urgently.  Cheers",team@corp.com,Low
deadline is today,"Good morning, Exam rescheduled to tomorrow morning, please confirm.  Best",bank.alerts@bank.com,High
reminder: team sync on Thursday,"Good morning, following up on the earlier question about the budget. your monthly statement is available Thanks",boss@corp.com,High
your monthly statement is available,"Dear all, weekly newsletter: top 10 tech stories.  Thank you",no-reply@social.com,Low
webinar invitation: join our upcoming event,"Hello team, Your monthly statement is available. client escalation: contract at risk, call me immediately Regards",promo@shop.com,Low
you may like these recommended products,"Hi, 50% off sale this weekend only!.",promo@shop.com,Low
following up on the earlier question about the bud,reminder: team sync on Thursday.  Regards,team@corp.com,Medium
client escalation: contract at risk,"Client escalation: contract at risk, call me immediately.  Regards",ceo.office@corp.com,High
overdue invoice,"Good morning, DEADLINE IS TODAY, SUBMIT THE REPORT BY 5 PM.  Cheers",client.rep@acme.com,High
critical bug reported by customer,"Hey, security breach detected, respond immediately.  Thanks",ceo.office@corp.com,High
could you check the attached spreadsheet,"Good morning, can you share the project update this week.  Cheers",manager@corp.com,Medium
production server is down,"Hey, critical bug reported by customer, needs a patch urgently.  Regards",prof@university.edu,Medium
client escalation: contract at risk,"Dear all, interview scheduled tomorrow, confirm now.  Best",hr.dept@corp.com,High
someone started following you,"Hey, you may like these recommended products. following up on the earlier question about the budget Cheers",ceo.office@corp.com,Low
please review the meeting notes by Friday,"Hello team, ASSIGNMENT GUIDELINES UPDATED, TAKE A LOOK.  Best",prof@university.edu,Medium
exam rescheduled to tomorrow morning,"Hello team, Security breach detected, respond immediately!.  Regards",hr.dept@corp.com,High
reminder: team sync on Thursday,"Hi, assignment guidelines updated, take a look.  Thank you",manager@corp.com,Medium
photos from the office party,Thanks for subscribing to our updates!.  Thanks,promo@shop.com,Low
new task assigned to you in the tracker,could you check the attached spreadsheet.  Best,colleague@corp.com,Medium
assignment guidelines updated,sharing the agenda for next week's workshop. reminder: team sync on Thursday Thank you,offers@deals.com,Low
50% off sale this weekend only,"Hello team, Last chance! sale ends today.  Thanks",news@media.com,Low
could you check the attached spreadsheet,"Good morning, following up on the earlier question about the budget.  Best",team@corp.com,Medium
payment failed,"Hi, Payment failed, action required today. could you check the attached spreadsheet Thanks",colleague@corp.com,High
security breach detected,"Hey, overdue invoice, final notice before suspension.  Best",colleague@corp.com,High
client escalation: contract at risk,"Dear all, PRODUCTION SERVER IS DOWN, NEED A FIX ASAP.  Regards",client.rep@acme.com,High
overdue invoice,"security breach detected, respond immediately.  Cheers",boss@corp.com,High
following up on the earlier question about the bud,reminder: team sync on Thursday.  Best,prof@university.edu,Medium
could you check the attached spreadsheet,"Hi, Reminder: team sync on thursday.  Thanks",colleague@corp.com,Medium
please review the meeting notes by Friday,"Hello team, please approve my leave request when free.  Best",colleague@corp.com,Medium
payment failed,"Good morning, client escalation: contract at risk, call me immediately. production server is down, need a fix ASAP Best",no-reply@social.com,High
payment failed,"Hi, client escalation: contract at risk, call me immediately.  Regards",ceo.office@corp.com,High
feedback requested on the draft proposal,"Hey, Please review the meeting notes by friday.  Thanks",manager@corp.com,Medium
deadline is today,"Hi, DEADLINE IS TODAY, SUBMIT THE REPORT BY 5 PM.  Regards",prof@university.edu,Medium
assignment guidelines updated,"Hi, feedback requested on the draft proposal.  Regards",manager@corp.com,Medium
critical bug reported by customer,"deadline is today, submit the report by 5 PM.  Thanks",hr.dept@corp.com,High
you may like these recommended products,"Good morning, cafeteria lunch menu for next week. weekly newsletter: top 10 tech stories Thank you",colleague@corp.com,Medium
